Smiles,Standard Value
Brc1[nH]c2c(c1)/C(/CCNC2=O)=C/1\NC(=NC\1=O)N,1
Brc1c2CN(c3nc(sc3)-c3ccncc3)C(=O)Nc2ccc1,1
Brc1c2N(C)C(=O)/C(/c2ccc1)=C/1\Nc2c(cc(cc2)C(=O)[O-])\C\1=N/O,1
Brc1c2NC(=O)/C(/c2ccc1)=C/1\Nc2c(cc(cc2)CO)\C\1=N/O,1
Brc1c2NC(=O)/C(/c2ccc1)=C/1\Nc2c(cc(cc2)\C=N/O)\C\1=N/O,1
Brc1c2NC(=O)/C(/c2ccc1)=C/1\Nc2c(cc(cc2)\C=N\O)C\1=O,1
Brc1c2[nH]c(O)c(c2ccc1)-c1[nH]c2c(cccc2)c1N=O,0
Brc1c2[nH]c(O)c(c2ccc1)C/1=Nc2c(cccc2)\C\1=N/OCCBr,0
Brc1c2[nH]c-3c(CC(=O)Nc4c-3cccc4)c2ccc1,0
Brc1c2[nH]cc(c2c(O)cc1)-c1nc(ncc1)N,1
Brc1c2[nH]cc(c2ccc1)-c1nc(ncc1)N,0
Brc1c2[nH]cc(c2ccc1)-c1nc(ncc1-c1ccc(NC(=O)C)cc1)N,0
Brc1c2c([nH]cc2-c2nc(ncc2)N)ccc1,0
Brc1c2c([nH]cc2-c2nc(ncc2-c2cc(OC)ccc2)N)ccc1,0
Brc1c2c([nH]cc2-c2nc(ncc2-c2ccc(cc2)C(=O)C)N)ccc1,0
Brc1c2c([nH]cc2-c2nc(ncc2-c2ccc(cc2)C(F)(F)F)N)ccc1,0
Brc1c2n(CC(O)CNC2=O)c2c1ccc(OC)c2,1
Brc1c2n(CC(O)CNC2=O)c2c1cccc2,0
Brc1cc(O)c2c([nH]cc2-c2nc(ncc2)N)c1,1
Brc1cc(ccc1)CNc1ncnc2n(cnc12)C1CC(NC(=O)c2nc(ccc2)C)C1,1
Brc1cc(ncc1)NC(=O)Nc1c2c(ccc1)C(=O)N1C2CCCC1,1
Brc1cc2-c3[nH]c4c(c3CC(=O)Nc2cc1)cccc4,0
Brc1cc2-c3[nH]c4c(cc(Br)cc4)c3CC(=O)Nc2cc1,0
Brc1cc2-c3[nH]c4c(cc([N+](=O)[O-])cc4)c3CC(=O)Nc2cc1,1
Brc1cc2-c3[nH]c4c(cc(cc4)C(F)(F)F)c3CC(=O)Nc2cc1,0
Brc1cc2NC(=O)/C(/c2cc1)=C/1\Nc2c(cccc2)\C\1=N/O,1
Brc1cc2NC(=O)/C(/c2cc1)=C/1\Nc2c(cccc2)\C\1=N/OC(=O)C,0
Brc1cc2NC(=O)N(Cc2cc1)c1nc(sc1)-c1ccncc1,1
Brc1cc2[nH]c(-c3c4c([nH]c3O)cccc4)c(N=O)c2cc1,0
Brc1cc2[nH]c(O)c(c2cc1)C/1=Nc2c(cccc2)\C\1=N/OC,0
Brc1cc2[nH]c(O)c(c2cc1)C1=Nc2c(cccc2)C1=O,0
Brc1cc2[nH]c(O)c(c2cc1C)-c1[nH]c2c(cccc2)c1N=O,1
Brc1cc2[nH]c(O)c(c2cc1C)C/1=Nc2c(cccc2)\C\1=N/OC(=O)C,0
Brc1cc2[nH]c(O)c(c2cc1C)C1=Nc2c(cccc2)C1=O,0
Brc1cc2[nH]c(O)c(c2cc1[N+](=O)[O-])-c1[nH]c2c(cccc2)c1N=O,1
Brc1cc2[nH]c(O)c(c2cc1[N+](=O)[O-])C/1=Nc2c(cccc2)\C\1=N/OC(=O)C,0
Brc1cc2[nH]c-3c(CC(=O)Nc4c-3cccc4)c2cc1,0
Brc1cc2[nH]cc(c2cc1)-c1nc(ncc1)N,0
Brc1cc2c(N\C(=C/3\c4cc(N)ccc4NC\3=O)\C2=O)cc1,1
Brc1cc2c(N\C(=C/3\c4cc(NC(=O)C)ccc4NC\3=O)\C2=O)cc1,1
Brc1cc2c([nH]cc2-c2nc(ncc2)N)cc1,0
Brc1cc2c([nH]cc2-c2nc(ncc2)N)cc1Br,0
Brc1cc2c([nH]cc2-c2nc(ncc2-c2cc(OC)ccc2)N)cc1,0
Brc1cc2c([nH]cc2-c2nc(ncc2-c2ccc(NC(=O)C)cc2)N)cc1,0
Brc1cc2c(n(cc2C2=C(c3c4c(oc3)cc(cc4)CO)C(=O)NC2=O)C)cc1,0
Brc1cc2c3CC(=O)N(c4c(-c3[nH]c2cc1)cccc4)C,0
Brc1cc2c3CC(=O)N(c4c(-c3[nH]c2cc1)cccc4)CC,0
Brc1cc2c3CC(=O)N(c4c(-c3[nH]c2cc1)cccc4)COC(=O)C,0
Brc1cc2c3CC(=O)N(c4c(-c3[nH]c2cc1)cccc4)Cc1ccccc1,0
Brc1cc2c3CC(=O)Nc4c(-c3[nH]c2cc1)c[nH+]cc4,1
Brc1cc2c3CC(=O)Nc4c(-c3[nH]c2cc1)cccc4,1
Brc1cc2c3CC(=O)Nc4c(-c3[nH]c2cc1)cccc4O,0
Brc1cc2c3CC(=O)Nc4c(-c3[nH]c2cc1)cccc4OC,0
Brc1cc2c3CC(=O)Nc4c(-c3n(c2cc1)C(C)=C)cccc4,0
Brc1cc2c3CC(=O)Nc4c(-c3n(c2cc1)C(OC(C)(C)C)=O)cccc4,0
Brc1cc2c3CC(=O)Nc4c(-c3n(c2cc1)C)cccc4,0
Brc1cc2c3CC(=O)Nc4c(-c3n(c2cc1)CC)cccc4,0
Brc1cc2c3CC(=O)Nc4c(-c3n(c2cc1)CCO)cccc4,0
Brc1cc2c3CC(=O)Nc4c(-c3n(c2cc1)COC(=O)C)cccc4,0
Brc1cc2c3CC(=O)Nc4c(nccc4)-c3[nH]c2cc1,0
Brc1cc2c3CC(=O)Nc4c(scc4)-c3[nH]c2cc1,0
Brc1cc2c3CC(=O)Nc4cc(O)c(O)cc4-c3[nH]c2cc1,0
Brc1cc2c3CC(=O)Nc4cc(O)ccc4-c3[nH]c2cc1,1
Brc1cc2c3CC(=O)Nc4cc(OC)c(OC)cc4-c3[nH]c2cc1,1
Brc1cc2c3CC(=O)Nc4cc(OCCCC[NH3+])ccc4-c3[nH]c2cc1,0
Brc1cc2c3CC(=O)Nc4ncccc4-c3[nH]c2cc1,0
Brc1cc2c3CC(S)=Nc4c(-c3[nH]c2cc1)cccc4,0
Brc1cc2c3CC(SC)=Nc4c(-c3[nH]c2cc1)cccc4,0
Brc1cc2c3CCCc4c(-c3[nH]c2cc1)cccc4,0
Brc1cc2cc([nH]c2cc1)-c1n2[NH+]=C(N[C@@H](CC)CO)C=Cc2nc1,0
Brc1cc2cc([nH]c2cc1)-c1nc(ncc1)N,0
Brc1cc\2c(N/C(=C\3/c4c(NC/3=O)cc([N+](=O)[O-])cc4)/C/2=N/O)cc1,1
Brc1cc\2c(N/C(=C\3/c4cc(N)ccc4NC/3=O)/C/2=N/O)cc1,1
Brc1cc\2c(N/C(=C\3/c4cc(NC(=O)C)ccc4NC/3=O)/C/2=N/O)cc1,0
Brc1cc\2c(N/C(=C\3/c4cc([N+](=O)[O-])ccc4NC/3=O)/C/2=N\O)cc1,1
Brc1cc\2c(NC(=O)/C/2=C/2\Nc3c(cccc3)\C\2=N/O)cc1,1
Brc1ccc(nc1)NC(=O)Nc1c2c(ccc1)C(=O)N1C2CC2(SCCS2)CC1,0
Brc1ccc(nc1)NC(=O)Nc1c2c(ccc1)C(=O)N1C2CCCC1,1
Brc1n(nc2c1CCN([C@H]1COc3c(N(C)C1=O)cccc3)C2=O)Cc1ccccc1,1
Brc1nc(NC(=O)Nc2c3c(ccc2)C(=O)N2C3CCCC2)ccc1,1
Brc1nc2-c3[nH]c4c(cc(cc4)C#N)c3CC(=O)Nc2cc1,0
Brc1sc(nc1)NC(=O)Cc1ccccc1,1
ClC1=Nn2c(ncc2-c2cc(Cl)ccc2)C=C1,0
ClC1=Nn2c(ncc2-c2cc(Cl)ccc2N)C=C1,0
ClC1=Nn2c(ncc2-c2cc(N)ccc2)C=C1,0
ClC1=Nn2c(ncc2-c2cc(ccc2)C(F)(F)F)C=C1,0
ClC1=Nn2c(ncc2-c2cc(ccc2)C=O)C=C1,1
ClC1=Nn2c(ncc2-c2cc3c([nH]cc3)cc2)C=C1,0
ClC1=Nn2c(ncc2-c2cccnc2)C=C1,0
ClC=1C=Nc2n(ncc2-c2cc(sc2C)C(=O)N[C@@H]2[C@H]([NH3+])CCCC2(F)F)C=1,1
ClCC(=O)NNC(=O)CSc1nnc(n1NC(=O)C)Cc1c2CCCCc2sc1NC(=O)C,1
ClCC(=O)NNC(=O)CSc1nnc(n1NC(=O)C)Cc1c2CCCCc2sc1NC(=O)c1ccccc1,1
ClCC(=O)NNC(=O)CSc1nnc(n1NC(=O)C)Cc1c2CCCCc2sc1NCCC(=O)[O-],1
ClCC(=O)NNC(=O)CSc1nnc(n1NC(=O)C)Cc1nc(sc1)NC(=O)C,1
ClCC(=O)NNC(=O)CSc1nnc(n1NC(=O)C)Cc1nc(sc1)NC(=O)c1ccccc1,1
ClCC(=O)NNC(=O)CSc1nnc(n1NC(=O)C)Cc1nc(sc1)NCCC(=O)[O-],1
ClCC(=O)NNC(=O)CSc1nnc(n1NC(=O)c1ccccc1)Cc1c2CCCCc2sc1NC(=O)C,1
ClCC(=O)NNC(=O)CSc1nnc(n1NC(=O)c1ccccc1)Cc1c2CCCCc2sc1NC(=O)c1ccccc1,1
ClCC(=O)NNC(=O)CSc1nnc(n1NC(=O)c1ccccc1)Cc1c2CCCCc2sc1NCCC(=O)[O-],1
ClCC(=O)NNC(=O)CSc1nnc(n1NC(=O)c1ccccc1)Cc1nc(sc1)NC(=O)C,1
ClCC(=O)NNC(=O)CSc1nnc(n1NC(=O)c1ccccc1)Cc1nc(sc1)NC(=O)c1ccccc1,1
ClCC(=O)NNC(=O)CSc1nnc(n1NC(=O)c1ccccc1)Cc1nc(sc1)NCCC(=O)[O-],1
ClCC(=O)Nc1sc(-c2n3N=C(CSc3nn2)C)c(c1)C,1
ClCC(=O)Nc1sc(-c2n3N=C(Sc3nn2)c2cc([N+](=O)[O-])ccc2)c(c1)C,1
ClCC(=O)Nc1sc(-c2n3N=C(Sc3nn2)c2ccccc2)c(c1)C,1
ClCC(=O)Nc1sc(-c2n3NC(=C(Sc3nn2)c2ccccc2)c2ccccc2)c(c1)C,1
ClCC(=O)Nc1sc(-c2n3NC(=O)CSc3nn2)c(c1)C,1
ClCC(=O)Nc1sc(-c2n3NC(Sc3nn2)=S)c(c1)C,0
ClCC(=O)Nc1sc(-c2n3Nc4nc5c(nc4Sc3nn2)cccc5)c(c1)C,1
ClCC(=O)Nc1sc(-c2nnc(S)n2N)c(c1)C,1
ClCC(=O)Nc1sc(c(c1)-c1ccccc1)-c1n2N=C(CSc2nn1)C,1
ClCC(=O)Nc1sc(c(c1)-c1ccccc1)-c1n2N=C(Sc2nn1)c1cc([N+](=O)[O-])ccc1,1
ClCC(=O)Nc1sc(c(c1)-c1ccccc1)-c1n2N=C(Sc2nn1)c1ccccc1,1
ClCC(=O)Nc1sc(c(c1)-c1ccccc1)-c1n2NC(=C(Sc2nn1)c1ccccc1)c1ccccc1,1
ClCC(=O)Nc1sc(c(c1)-c1ccccc1)-c1n2NC(=O)CSc2nn1,1
ClCC(=O)Nc1sc(c(c1)-c1ccccc1)-c1n2NC(Sc2nn1)=S,0
ClCC(=O)Nc1sc(c(c1)-c1ccccc1)-c1n2Nc3nc4c(nc3Sc2nn1)cccc4,1
ClCC(=O)Nc1sc(c(c1)-c1ccccc1)-c1nnc(S)n1N,1
ClCC(=O)Nc1sc2c(CCCC2)c1CC(=O)NNC(=S)[S-],1
ClCC(=O)Nc1sc2c(CCCC2)c1Cc1nnc(S)n1N,1
ClCC(=O)Nc1sc2c(CCCC2)c1Cc1nnc(S)n1NC(=O)C,1
ClCC(=O)Nc1sc2c(CCCC2)c1Cc1nnc(S)n1NC(=O)c1ccccc1,1
ClCC(=O)Nc1sc2c(CCCC2)c1Cc1nnc(SCC#N)n1NC(=O)C,1
ClCC(=O)Nc1sc2c(CCCC2)c1Cc1nnc(SCC#N)n1NC(=O)c1ccccc1,1
ClCC(=O)Nc1sc2c(CCCC2)c1Cc1nnc(SCC(=O)NN)n1NC(=O)C,1
ClCC(=O)Nc1sc2c(CCCC2)c1Cc1nnc(SCC(=O)NN)n1NC(=O)c1ccccc1,1
ClCC(=O)Nc1sc2c(CCCC2)c1Cc1nnc(SCC(=O)NNC(=O)C)n1NC(=O)C,1
ClCC(=O)Nc1sc2c(CCCC2)c1Cc1nnc(SCC(=O)NNC(=O)C)n1NC(=O)c1ccccc1,1
ClCC(=O)Nc1sc2c(CCCC2)c1Cc1nnc(SCC(=O)NNC(=O)CCl)n1NC(=O)C,1
ClCC(=O)Nc1sc2c(CCCC2)c1Cc1nnc(SCC(=O)NNC(=O)CCl)n1NC(=O)c1ccccc1,1
ClCC(=O)Nc1sc2c(CCCC2)c1Cc1nnc(SCC(=O)NNC(=O)c2ccccc2)n1NC(=O)C,1
ClCC(=O)Nc1sc2c(CCCC2)c1Cc1nnc(SCC(=O)NNC(=O)c2ccccc2)n1NC(=O)c1ccccc1,1
ClCC(=O)Nc1sc2c(CCCC2)c1Cc1nnc(SCC(=O)N\N=C\c2ccccc2)n1NC(=O)C,1
ClCC(=O)Nc1sc2c(CCCC2)c1Cc1nnc(SCC(=O)N\N=C\c2ccccc2)n1NC(=O)c1ccccc1,1
ClCC(=O)Nc1sc2c(CCCC2)c1Cc1nnc(SCC(OC)=O)n1NC(=O)C,1
ClCC(=O)Nc1sc2c(CCCC2)c1Cc1nnc(SCC(OC)=O)n1NC(=O)c1ccccc1,1
ClCC(=O)Nc1sc2c(CCCC2)c1Cc1nnc(SCSc2nnc(n2NC(=O)C)Cc2c3CCCCc3sc2NC(=O)CCl)n1NC(=O)C,1
ClCC(=O)Nc1sc2c(CCCC2)c1Cc1nnc(SCSc2nnc(n2NC(=O)c2ccccc2)Cc2c3CCCCc3sc2NC(=O)CCl)n1NC(=O)c1ccccc1,1
ClCC(=O)Nc1sc2c(CCCC2)c1Cc1nnc(SCc2nnc(S)n2N)n1NC(=O)C,0
ClCC(=O)Nc1sc2c(CCCC2)c1Cc1nnc(SCc2nnc(S)n2N)n1NC(=O)c1ccccc1,0
ClCC(=O)Nc1scc(n1)Cc1nnc(S)n1N,1
ClCC(=O)Nc1scc(n1)Cc1nnc(S)n1NC(=O)C,1
ClCC(=O)Nc1scc(n1)Cc1nnc(S)n1NC(=O)c1ccccc1,1
ClCC(=O)Nc1scc(n1)Cc1nnc(SCC#N)n1NC(=O)C,1
ClCC(=O)Nc1scc(n1)Cc1nnc(SCC#N)n1NC(=O)c1ccccc1,1
ClCC(=O)Nc1scc(n1)Cc1nnc(SCC(=O)NN)n1NC(=O)C,1
ClCC(=O)Nc1scc(n1)Cc1nnc(SCC(=O)NN)n1NC(=O)c1ccccc1,1
ClCC(=O)Nc1scc(n1)Cc1nnc(SCC(=O)NNC(=O)C)n1NC(=O)C,1
ClCC(=O)Nc1scc(n1)Cc1nnc(SCC(=O)NNC(=O)C)n1NC(=O)c1ccccc1,1
ClCC(=O)Nc1scc(n1)Cc1nnc(SCC(=O)NNC(=O)CCl)n1NC(=O)C,1
ClCC(=O)Nc1scc(n1)Cc1nnc(SCC(=O)NNC(=O)CCl)n1NC(=O)c1ccccc1,1
ClCC(=O)Nc1scc(n1)Cc1nnc(SCC(=O)NNC(=O)c2ccccc2)n1NC(=O)C,1
ClCC(=O)Nc1scc(n1)Cc1nnc(SCC(=O)NNC(=O)c2ccccc2)n1NC(=O)c1ccccc1,1
ClCC(=O)Nc1scc(n1)Cc1nnc(SCC(=O)N\N=C\c2ccccc2)n1NC(=O)C,1
ClCC(=O)Nc1scc(n1)Cc1nnc(SCC(=O)N\N=C\c2ccccc2)n1NC(=O)c1ccccc1,1
ClCC(=O)Nc1scc(n1)Cc1nnc(SCC(OC)=O)n1NC(=O)C,1
ClCC(=O)Nc1scc(n1)Cc1nnc(SCC(OC)=O)n1NC(=O)c1ccccc1,1
ClCC(=O)Nc1scc(n1)Cc1nnc(SCSc2nnc(n2NC(=O)C)Cc2nc(sc2)NC(=O)CCl)n1NC(=O)C,1
ClCC(=O)Nc1scc(n1)Cc1nnc(SCSc2nnc(n2NC(=O)c2ccccc2)Cc2nc(sc2)NC(=O)CCl)n1NC(=O)c1ccccc1,1
ClCC(=O)Nc1scc(n1)Cc1nnc(SCc2nnc(S)n2N)n1NC(=O)C,0
ClCC(=O)Nc1scc(n1)Cc1nnc(SCc2nnc(S)n2N)n1NC(=O)c1ccccc1,0
ClCCCc1c2nccnc2[nH]c1-c1ccc(OC)cc1,0
Clc1c(Cl)c(nc(Cl)c1Cl)NC(=O)Nc1c2c(ccc1)C(=O)N1C2CCCC1,0
Clc1c2CN(c3nc(sc3)-c3ccncc3)C(=O)Nc2ccc1,1
Clc1c2[nH]c(O)c(c2ccc1)-c1[nH]c2c(cccc2)c1N=O,0
Clc1c2[nH]c-3c(CC(=O)Nc4c-3cccc4)c2ccc1,0
Clc1c2[nH]c3c(c2ccc1)c(nc1c3cccc1)C(=O)[O-],0
Clc1c2c([nH]c(O)c2C2=Nc3c(cccc3)C2=O)ccc1,0
Clc1c2sc(nc2ccc1F)-c1cc(sc1)S(=O)(=O)N,1
Clc1cc(-c2n3[NH+]=C(N[C@@H](CC)CO)C=Cc3nc2)c(N)cc1,0
Clc1cc(CNc2nc(nc3n(cnc23)C(C)C)NC2CCC(O)CC2)c(O)cc1,1
Clc1cc(CNc2nc(nc3n(cnc23)C(C)C)NC2CCC([NH3+])CC2)c(O)cc1,1
Clc1cc(CNc2nc(nc3n(cnc23)C(C)C)NCC(O)(C)C)c(O)cc1,1
Clc1cc(CNc2nc(nc3n(cnc23)C(C)C)N[C@H](CC)CO)c(O)cc1,1
Clc1cc(Cl)c(F)cc1C/1=Nn2c(S\C\1=C/c1cc([N+](=O)[O-])ccc1)nnc2-c1sc(NC(=O)C)cc1-c1ccccc1,0
Clc1cc(Cl)c(F)cc1C/1=Nn2c(S\C\1=C/c1cc([N+](=O)[O-])ccc1)nnc2-c1sc(NC(=O)C)cc1C,0
Clc1cc(Cl)c(F)cc1C/1=Nn2c(S\C\1=C/c1cc([N+](=O)[O-])ccc1)nnc2-c1sc(NC(=O)CCl)cc1-c1ccccc1,0
Clc1cc(Cl)c(F)cc1C/1=Nn2c(S\C\1=C/c1cc([N+](=O)[O-])ccc1)nnc2-c1sc(NC(=O)CCl)cc1C,0
Clc1cc(Cl)c(F)cc1C/1=Nn2c(S\C\1=C/c1ccc(Cl)cc1)nnc2-c1sc(NC(=O)C)cc1-c1ccccc1,0
Clc1cc(Cl)c(F)cc1C/1=Nn2c(S\C\1=C/c1ccc(Cl)cc1)nnc2-c1sc(NC(=O)C)cc1C,0
Clc1cc(Cl)c(F)cc1C/1=Nn2c(S\C\1=C/c1ccc(Cl)cc1)nnc2-c1sc(NC(=O)CCl)cc1-c1ccccc1,0
Clc1cc(Cl)c(F)cc1C/1=Nn2c(S\C\1=C/c1ccc(Cl)cc1)nnc2-c1sc(NC(=O)CCl)cc1C,0
Clc1cc(Cl)c(F)cc1C/1=Nn2c(S\C\1=C/c1ccccc1)nnc2-c1sc(NC(=O)C)cc1-c1ccccc1,0
Clc1cc(Cl)c(F)cc1C/1=Nn2c(S\C\1=C/c1ccccc1)nnc2-c1sc(NC(=O)C)cc1C,0
Clc1cc(Cl)c(F)cc1C/1=Nn2c(S\C\1=C/c1ccccc1)nnc2-c1sc(NC(=O)CCl)cc1-c1ccccc1,0
Clc1cc(Cl)c(F)cc1C/1=Nn2c(S\C\1=C/c1ccccc1)nnc2-c1sc(NC(=O)CCl)cc1C,0
Clc1cc(Cl)c(F)cc1C/1=Nn2c(S\C\1=C/c1ccccc1Cl)nnc2-c1sc(NC(=O)C)cc1-c1ccccc1,0
Clc1cc(Cl)c(F)cc1C/1=Nn2c(S\C\1=C/c1ccccc1Cl)nnc2-c1sc(NC(=O)C)cc1C,0
Clc1cc(Cl)c(F)cc1C/1=Nn2c(S\C\1=C/c1ccccc1Cl)nnc2-c1sc(NC(=O)CCl)cc1-c1ccccc1,0
Clc1cc(Cl)c(F)cc1C/1=Nn2c(S\C\1=C/c1ccccc1Cl)nnc2-c1sc(NC(=O)CCl)cc1C,0
Clc1cc(Cl)cc2[nH]c-3c(CC(=O)Nc4c-3cccc4)c12,0
Clc1cc(Cl)cc2[nH]c-3c(CC(=O)Nc4c-3nccc4)c12,0
Clc1cc(Nc2nc(ccn2)-c2cc(ncc2)NCCCO)ccc1,1
Clc1cc(Nc2nc(nc3n(cnc23)C(C)C)C#CC(O)(CC)C)ccc1,1
Clc1cc(Nc2nc(nc3n(cnc23)C(C)C)C#CC(O)(CC)C)ccc1Cl,1
Clc1cc(Nc2nc(nc3n(cnc23)C(C)C)N[C@H](C(C)C)CO)ccc1,1
Clc1cc(Nc2nc(nc3n(cnc23)C(C)C)N[C@H](C(C)C)CO)ccc1C(=O)[O-],1
Clc1cc(Nc2nc(nc3n(cnc23)CC)N[C@@H]2CCCC[C@@H]2[NH3+])ccc1,1
Clc1cc(Nc2nc(ncn2)-c2cc(ncc2)NCCCO)ccc1,1
Clc1cc(ccc1)-c1n2[NH+]=C(N[C@@H](CC)CO)C=Cc2nc1,1
Clc1cc(ccc1)-c1n2[NH+]=C(Nc3cc(NC(=O)C)ccc3)C=Cc2nc1,1
Clc1cc(ccc1)CNc1ncnc2n(cnc12)C1CC(NC(=O)c2nc(ccc2)C)C1,1
Clc1cc(ccc1Cl)C(=O)Nc1cc2c(cc(cc2)C(=O)Nc2sccn2)cc1,0
Clc1cc(ccc1Cl)CNc1nc(nc2n(cnc12)C(C)C)C#CC(O)(CC)C,1
Clc1cc(ccc1Cl)CNc1ncnc2n(cnc12)C1CC(NC(=O)c2nc(ccc2)C)C1,1
Clc1cc2C=C(c3nc(sc3)-c3ccncc3)C(=O)Nc2cc1,1
Clc1cc2[nH]c(O)c(c2cc1)-c1[nH]c2c(cccc2)c1N=O,1
Clc1cc2[nH]c(O)c(c2cc1)C/1=Nc2c(cccc2)\C\1=N/OC(=O)C,1
Clc1cc2c(NC(=O)C(c3nc(sc3)-c3ccncc3)=C2N)cc1,1
Clc1cc2c3CC(=O)Nc4c(-c3[nH]c2cc1)c[nH+]cc4,1
Clc1cc2c3CC(=O)Nc4c(-c3[nH]c2cc1)cccc4,1
Clc1cc2c3CC(=O)Nc4c(scc4)-c3[nH]c2cc1,0
Clc1cc2c3CC(=O)Nc4ncccc4-c3[nH]c2cc1,0
Clc1cc2n(cc(c2cc1F)C1=C(c2c3c(oc2)c(OC)ccc3)C(=O)NC1=O)C,0
Clc1cc2n(cc(c2cc1F)C1=C(c2c3c(oc2)cc(cc3)CO)C(=O)NC1=O)C,0
Clc1cc2sc(nc2cc1)-c1cc(sc1)S(=O)(=O)N,0
Clc1ccc(NC(=O)Nc2ccc(Oc3cc(ncc3)C(=O)NC)cc2)cc1C(F)(F)F,0
Clc1ccc(Nc2sc(C(=O)c3cc(F)ccc3)c(n2)N)cc1,1
Clc1ccc(Nc2sc(C(=O)c3cc(OC)ccc3)c(n2)N)cc1,0
Clc1ccc(Nc2sc(C(=O)c3cc([N+](=O)[O-])ccc3)c(n2)N)cc1,0
Clc1ccc(S(=O)(=O)Cc2scc(n2)C2=Cc3c(NC2=O)cccc3)cc1,1
Clc1ccc(cc1)-c1[nH]c2nccnc2c1C,0
Clc1ccc(cc1)-c1[nH]c2nccnc2c1C(C)C,0
Clc1ccc(cc1)-c1nn(cc1C(=O)NC(=S)Nc1ccc(OC)cc1)-c1ccccc1,0
Clc1ccc(cc1)C(=O)Nn1c(nnc1S)Cc1c2CCCCc2sc1NC(=O)C,1
Clc1ccc(cc1)C(=O)Nn1c(nnc1S)Cc1c2CCCCc2sc1NC(=O)CCl,1
Clc1ccc(cc1)C(=O)Nn1c(nnc1S)Cc1c2CCCCc2sc1NC(=O)c1ccccc1,1
Clc1ccc(cc1)C(=O)Nn1c(nnc1S)Cc1c2CCCCc2sc1NCCC(=O)[O-],1
Clc1ccc(cc1)C(=O)Nn1c(nnc1S)Cc1nc(sc1)NC(=O)C,1
Clc1ccc(cc1)C(=O)Nn1c(nnc1S)Cc1nc(sc1)NC(=O)CCl,1
Clc1ccc(cc1)C(=O)Nn1c(nnc1S)Cc1nc(sc1)NC(=O)c1ccccc1,1
Clc1ccc(cc1)C(=O)Nn1c(nnc1S)Cc1nc(sc1)NCCC(=O)[O-],1
Clc1ccc(cc1)C(=O)Nn1c(nnc1SCC#N)Cc1c2CCCCc2sc1NC(=O)C,1
Clc1ccc(cc1)C(=O)Nn1c(nnc1SCC#N)Cc1c2CCCCc2sc1NC(=O)CCl,1
Clc1ccc(cc1)C(=O)Nn1c(nnc1SCC#N)Cc1c2CCCCc2sc1NC(=O)c1ccccc1,1
Clc1ccc(cc1)C(=O)Nn1c(nnc1SCC#N)Cc1c2CCCCc2sc1NCCC(=O)[O-],1
Clc1ccc(cc1)C(=O)Nn1c(nnc1SCC#N)Cc1nc(sc1)NC(=O)C,1
Clc1ccc(cc1)C(=O)Nn1c(nnc1SCC#N)Cc1nc(sc1)NC(=O)CCl,1
Clc1ccc(cc1)C(=O)Nn1c(nnc1SCC#N)Cc1nc(sc1)NC(=O)c1ccccc1,1
Clc1ccc(cc1)C(=O)Nn1c(nnc1SCC#N)Cc1nc(sc1)NCCC(=O)[O-],1
Clc1ccc(cc1)C(=O)Nn1c(nnc1SCC(=O)NN)Cc1c2CCCCc2sc1NC(=O)C,1
Clc1ccc(cc1)C(=O)Nn1c(nnc1SCC(=O)NN)Cc1c2CCCCc2sc1NC(=O)CCl,1
Clc1ccc(cc1)C(=O)Nn1c(nnc1SCC(=O)NN)Cc1c2CCCCc2sc1NC(=O)c1ccccc1,1
Clc1ccc(cc1)C(=O)Nn1c(nnc1SCC(=O)NN)Cc1c2CCCCc2sc1NCCC(=O)[O-],1
Clc1ccc(cc1)C(=O)Nn1c(nnc1SCC(=O)NN)Cc1nc(sc1)NC(=O)C,1
Clc1ccc(cc1)C(=O)Nn1c(nnc1SCC(=O)NN)Cc1nc(sc1)NC(=O)CCl,1
Clc1ccc(cc1)C(=O)Nn1c(nnc1SCC(=O)NN)Cc1nc(sc1)NC(=O)c1ccccc1,1
Clc1ccc(cc1)C(=O)Nn1c(nnc1SCC(=O)NN)Cc1nc(sc1)NCCC(=O)[O-],1
Clc1ccc(cc1)C(=O)Nn1c(nnc1SCC(=O)NNC(=O)C)Cc1c2CCCCc2sc1NC(=O)C,1
Clc1ccc(cc1)C(=O)Nn1c(nnc1SCC(=O)NNC(=O)C)Cc1c2CCCCc2sc1NC(=O)CCl,1
Clc1ccc(cc1)C(=O)Nn1c(nnc1SCC(=O)NNC(=O)C)Cc1c2CCCCc2sc1NC(=O)c1ccccc1,1
Clc1ccc(cc1)C(=O)Nn1c(nnc1SCC(=O)NNC(=O)C)Cc1c2CCCCc2sc1NCCC(=O)[O-],1
Clc1ccc(cc1)C(=O)Nn1c(nnc1SCC(=O)NNC(=O)C)Cc1nc(sc1)NC(=O)C,1
Clc1ccc(cc1)C(=O)Nn1c(nnc1SCC(=O)NNC(=O)C)Cc1nc(sc1)NC(=O)CCl,1
Clc1ccc(cc1)C(=O)Nn1c(nnc1SCC(=O)NNC(=O)C)Cc1nc(sc1)NC(=O)c1ccccc1,1
Clc1ccc(cc1)C(=O)Nn1c(nnc1SCC(=O)NNC(=O)C)Cc1nc(sc1)NCCC(=O)[O-],1
Clc1ccc(cc1)C(=O)Nn1c(nnc1SCC(=O)NNC(=O)CCl)Cc1c2CCCCc2sc1NC(=O)C,1
Clc1ccc(cc1)C(=O)Nn1c(nnc1SCC(=O)NNC(=O)CCl)Cc1c2CCCCc2sc1NC(=O)CCl,1
Clc1ccc(cc1)C(=O)Nn1c(nnc1SCC(=O)NNC(=O)CCl)Cc1c2CCCCc2sc1NC(=O)c1ccccc1,1
Clc1ccc(cc1)C(=O)Nn1c(nnc1SCC(=O)NNC(=O)CCl)Cc1c2CCCCc2sc1NCCC(=O)[O-],1
Clc1ccc(cc1)C(=O)Nn1c(nnc1SCC(=O)NNC(=O)CCl)Cc1nc(sc1)NC(=O)C,1
Clc1ccc(cc1)C(=O)Nn1c(nnc1SCC(=O)NNC(=O)CCl)Cc1nc(sc1)NC(=O)CCl,1
Clc1ccc(cc1)C(=O)Nn1c(nnc1SCC(=O)NNC(=O)CCl)Cc1nc(sc1)NC(=O)c1ccccc1,1
Clc1ccc(cc1)C(=O)Nn1c(nnc1SCC(=O)NNC(=O)CCl)Cc1nc(sc1)NCCC(=O)[O-],1
Clc1ccc(cc1)C(=O)Nn1c(nnc1SCC(=O)NNC(=O)c1ccccc1)Cc1c2CCCCc2sc1NC(=O)C,1
Clc1ccc(cc1)C(=O)Nn1c(nnc1SCC(=O)NNC(=O)c1ccccc1)Cc1c2CCCCc2sc1NC(=O)CCl,1
Clc1ccc(cc1)C(=O)Nn1c(nnc1SCC(=O)NNC(=O)c1ccccc1)Cc1c2CCCCc2sc1NC(=O)c1ccccc1,1
Clc1ccc(cc1)C(=O)Nn1c(nnc1SCC(=O)NNC(=O)c1ccccc1)Cc1c2CCCCc2sc1NCCC(=O)[O-],1
Clc1ccc(cc1)C(=O)Nn1c(nnc1SCC(=O)NNC(=O)c1ccccc1)Cc1nc(sc1)NC(=O)C,1
Clc1ccc(cc1)C(=O)Nn1c(nnc1SCC(=O)NNC(=O)c1ccccc1)Cc1nc(sc1)NC(=O)CCl,1
Clc1ccc(cc1)C(=O)Nn1c(nnc1SCC(=O)NNC(=O)c1ccccc1)Cc1nc(sc1)NC(=O)c1ccccc1,1
Clc1ccc(cc1)C(=O)Nn1c(nnc1SCC(=O)NNC(=O)c1ccccc1)Cc1nc(sc1)NCCC(=O)[O-],1
Clc1ccc(cc1)C(=O)Nn1c(nnc1SCC(=O)N\N=C\c1ccccc1)Cc1c2CCCCc2sc1NC(=O)C,1
Clc1ccc(cc1)C(=O)Nn1c(nnc1SCC(=O)N\N=C\c1ccccc1)Cc1c2CCCCc2sc1NC(=O)CCl,1
Clc1ccc(cc1)C(=O)Nn1c(nnc1SCC(=O)N\N=C\c1ccccc1)Cc1c2CCCCc2sc1NC(=O)c1ccccc1,1
Clc1ccc(cc1)C(=O)Nn1c(nnc1SCC(=O)N\N=C\c1ccccc1)Cc1c2CCCCc2sc1NCCC(=O)[O-],1
Clc1ccc(cc1)C(=O)Nn1c(nnc1SCC(=O)N\N=C\c1ccccc1)Cc1nc(sc1)NC(=O)C,1
Clc1ccc(cc1)C(=O)Nn1c(nnc1SCC(=O)N\N=C\c1ccccc1)Cc1nc(sc1)NC(=O)CCl,1
Clc1ccc(cc1)C(=O)Nn1c(nnc1SCC(=O)N\N=C\c1ccccc1)Cc1nc(sc1)NC(=O)c1ccccc1,1
Clc1ccc(cc1)C(=O)Nn1c(nnc1SCC(=O)N\N=C\c1ccccc1)Cc1nc(sc1)NCCC(=O)[O-],1
Clc1ccc(cc1)C(=O)Nn1c(nnc1SCC(OC)=O)Cc1c2CCCCc2sc1NC(=O)C,1
Clc1ccc(cc1)C(=O)Nn1c(nnc1SCC(OC)=O)Cc1c2CCCCc2sc1NC(=O)CCl,1
Clc1ccc(cc1)C(=O)Nn1c(nnc1SCC(OC)=O)Cc1c2CCCCc2sc1NC(=O)c1ccccc1,1
Clc1ccc(cc1)C(=O)Nn1c(nnc1SCC(OC)=O)Cc1c2CCCCc2sc1NCCC(=O)[O-],1
Clc1ccc(cc1)C(=O)Nn1c(nnc1SCC(OC)=O)Cc1nc(sc1)NC(=O)C,1
Clc1ccc(cc1)C(=O)Nn1c(nnc1SCC(OC)=O)Cc1nc(sc1)NC(=O)CCl,1
Clc1ccc(cc1)C(=O)Nn1c(nnc1SCC(OC)=O)Cc1nc(sc1)NC(=O)c1ccccc1,1
Clc1ccc(cc1)C(=O)Nn1c(nnc1SCC(OC)=O)Cc1nc(sc1)NCCC(=O)[O-],1
Clc1ccc(cc1)C(=O)Nn1c(nnc1SCSc1nnc(n1NC(=O)c1ccc(Cl)cc1)Cc1c2CCCCc2sc1NC(=O)C)Cc1c2CCCCc2sc1NC(=O)C,1
Clc1ccc(cc1)C(=O)Nn1c(nnc1SCSc1nnc(n1NC(=O)c1ccc(Cl)cc1)Cc1c2CCCCc2sc1NC(=O)CCl)Cc1c2CCCCc2sc1NC(=O)CCl,1
Clc1ccc(cc1)C(=O)Nn1c(nnc1SCSc1nnc(n1NC(=O)c1ccc(Cl)cc1)Cc1c2CCCCc2sc1NC(=O)c1ccccc1)Cc1c2CCCCc2sc1NC(=O)c1ccccc1,1
Clc1ccc(cc1)C(=O)Nn1c(nnc1SCSc1nnc(n1NC(=O)c1ccc(Cl)cc1)Cc1c2CCCCc2sc1NCCC(=O)[O-])Cc1c2CCCCc2sc1NCCC(=O)[O-],1
Clc1ccc(cc1)C(=O)Nn1c(nnc1SCSc1nnc(n1NC(=O)c1ccc(Cl)cc1)Cc1nc(sc1)NC(=O)C)Cc1nc(sc1)NC(=O)C,1
Clc1ccc(cc1)C(=O)Nn1c(nnc1SCSc1nnc(n1NC(=O)c1ccc(Cl)cc1)Cc1nc(sc1)NC(=O)CCl)Cc1nc(sc1)NC(=O)CCl,1
Clc1ccc(cc1)C(=O)Nn1c(nnc1SCSc1nnc(n1NC(=O)c1ccc(Cl)cc1)Cc1nc(sc1)NC(=O)c1ccccc1)Cc1nc(sc1)NC(=O)c1ccccc1,1
Clc1ccc(cc1)C(=O)Nn1c(nnc1SCSc1nnc(n1NC(=O)c1ccc(Cl)cc1)Cc1nc(sc1)NCCC(=O)[O-])Cc1nc(sc1)NCCC(=O)[O-],1
Clc1ccc(cc1)C(=O)Nn1c(nnc1SCc1nnc(S)n1N)Cc1c2CCCCc2sc1NC(=O)C,0
Clc1ccc(cc1)C(=O)Nn1c(nnc1SCc1nnc(S)n1N)Cc1c2CCCCc2sc1NC(=O)CCl,0
Clc1ccc(cc1)C(=O)Nn1c(nnc1SCc1nnc(S)n1N)Cc1c2CCCCc2sc1NC(=O)c1ccccc1,0
Clc1ccc(cc1)C(=O)Nn1c(nnc1SCc1nnc(S)n1N)Cc1c2CCCCc2sc1NCCC(=O)[O-],0
Clc1ccc(cc1)C(=O)Nn1c(nnc1SCc1nnc(S)n1N)Cc1nc(sc1)NC(=O)C,0
Clc1ccc(cc1)C(=O)Nn1c(nnc1SCc1nnc(S)n1N)Cc1nc(sc1)NC(=O)CCl,0
Clc1ccc(cc1)C(=O)Nn1c(nnc1SCc1nnc(S)n1N)Cc1nc(sc1)NC(=O)c1ccccc1,0
Clc1ccc(cc1)C(=O)Nn1c(nnc1SCc1nnc(S)n1N)Cc1nc(sc1)NCCC(=O)[O-],0
Clc1ccc(cc1)C1(CC1)c1[nH]c2nccnc2c1C,0
Clc1ccc(cc1)C1(CC1)c1nc-2ncc[nH]c-2c1,0
Clc1ccc(cc1)CNC1=[NH+]C(=[NH+]c2n1ncc2C(C)C)N[C@H](C(C)C)CO,1
Clc1ccc(cc1)CNc1nc(nc2n(cnc12)C(C)C)C#CC(O)(CC)C,1
Clc1ccc(cc1)CNc1nc(nc2n(cnc12)C(C)C)C(=O)NC(C)C,0
Clc1ccc(cc1)CNc1nc(nc2n(cnc12)C(C)C)NC(=O)C(C)C,1
Clc1ccc(cc1)CNc1nc(nc2n(cnc12)C(C)C)NC(=O)CC(C)C,0
Clc1ccc(cc1)CNc1nc(nc2n(cnc12)C(C)C)NC(=O)CCC,0
Clc1ccc(cc1)CNc1nc(nc2n(cnc12)C(C)C)NC(=O)c1ccc(OC)cc1,0
Clc1cccc(Cl)c1C(=O)Nc1c[nH]nc1C(=O)NC1CC[NH2+]CC1,1
Clc1cccc(Cl)c1Cc1scc(n1)NC(=O)[N-]N(C)C,0
Clc1cccc(Cl)c1Cc1scc(n1)NC(=O)[N-]N(C)c1ccccc1,0
Clc1cccc(Cl)c1Cc1scc(n1)NC(=O)[N-]N1CCCC1,0
Clc1cccc(Cl)c1Cc1scc(n1)NC(=O)[N-]N1CCCCC1,0
Clc1cccc(Cl)c1Cc1scc(n1)NC(=O)[N-]N1CCCCCC1,0
Clc1cccc(Cl)c1Cc1scc(n1)NC(=O)[N-]N1CCOCC1,1
Clc1cccc(Cl)c1Cc1scc(n1)NC(=O)[N-]OC,0
Clc1cccc(Cl)c1Cc1scc(n1)NC(=O)[N-]OC(C)(C)C,1
Clc1cccc(Cl)c1Cc1scc(n1)NC(=O)[N-]OC1OCCCC1,0
Clc1cccc(Cl)c1Cc1scc(n1)NC(=O)[N-]OCC,0
Clc1cccc(Cl)c1Cc1scc(n1)NC(=O)[N-]OCC=C,0
Clc1cccc(Cl)c1Cc1scc(n1)NC(=O)[N-]Oc1ccccc1,1
Clc1cccc(Cl)c1\C=C\C=1Oc2c(C(=O)C=1)c(O)cc(O)c2[C@H]1CC[NH+](C[C@H]1O)C,1
Clc1ccccc1-c1scc(n1)NC(=O)[N-]N1CCOCC1,0
Clc1ccccc1C=1Oc2c(C(=O)C=1)c(O)cc(O)c2[C@H]1CC[NH+](C[C@H]1O)C,1
Clc1cnc(NC2CCC([NH2+]CCOC)CC2)cc1-c1nc(sc1)NCC1(CCOCC1)C#N,0
Clc1cnc(nc1-c1c2c([nH]c1)cccc2)Nc1cc(NC(=O)c2cc(NC(=O)\C=C\C[NH+](C)C)ccc2)ccc1,1
Clc1cnc(nc1Nc1ccccc1S(=O)(=O)C(C)C)Nc1ccc(N2CCC([NH+]3CC[NH+](CC3)C)CC2)cc1OC,0
Clc1nc(Nc2cc(ccc2)-c2cncnc2)c2ncn(c2n1)C(C)C,1
Clc1nc(Nc2cc(ccc2)-c2ncccn2)c2ncn(c2n1)C(C)C,0
Clc1nc(Nc2cc[nH+]cc2)c2ncn(c2n1)C(C)C,0
Clc1nc(Nc2ccc(cc2)-c2cncnc2)c2ncn(c2n1)C(C)C,0
Clc1nc(Nc2cccnc2)c2ncn(c2n1)C(C)C,0
Clc1nc(Nc2ccnnc2)c2ncn(c2n1)C(C)C,0
Clc1nc(Nc2cncnc2)c2ncn(c2n1)C(C)C,0
Clc1nc(Nc2ncccc2)c2ncn(c2n1)C(C)C,0
Clc1nc(Nc2nccnc2)c2ncn(c2n1)C(C)C,0
Clc1nc(ccc1)C(=O)NC1CC(n2cc(nc2)NC(=O)Cc2c3c(ccc2)cccc3)C1,1
Clc1nccc(c1)-c1scc(n1)C1=CC(C(OCC)=O)=C(NC1=O)C,1
FC(F)(F)c1c2NC(=O)/C(/c2ccc1)=C/1\Nc2c(cc(cc2)C(=O)[O-])\C\1=N/O,0
FC(F)(F)c1c2NC(=O)/C(/c2ccc1)=C/1\Nc2cc(ccc2\C\1=N/O)C(=O)[O-],0
FC(F)(F)c1c2NC(=O)/C(/c2ccc1)=C/1\Nc2cc(ccc2\C\1=N/O)C(OC)=O,0
FC(F)(F)c1cc(NC(=O)Nc2cc(ccc2)C=2[NH+]=C(NCc3ccncc3)c3n(C=2)ccn3)ccc1,0
FC(F)(F)c1cc(NC(=O)Nc2ccc(Oc3ncnc(NC)c3)cc2)ccc1C[NH+]1CC[NH+](CC1)CC,1
FC(F)(F)c1cc(ccc1)-c1n2N=C(OC)C=Cc2nc1,0
FC(F)(F)c1cc(ccc1)-c1n2[NH+]=C(N[C@@H](CC)CO)C=Cc2nc1,0
FC(F)(F)c1cc2c3CC(=O)Nc4c(-c3[nH]c2cc1)c[nH+]cc4,1
FC(F)(F)c1cc2c3CC(=O)Nc4c(-c3[nH]c2cc1)cccc4,1
FC(F)(F)c1cc2c3CC(=O)Nc4c(cc(cc4)C#CC4(O)CCCCC4)-c3[nH]c2cc1,0
FC(F)(F)c1cc2c3CC(=O)Nc4c(cc(cc4)CC#CO)-c3[nH]c2cc1,0
FC(F)(F)c1cc2c3CC(=O)Nc4c(cc(cc4)CC(=O)C)-c3[nH]c2cc1,1
FC(F)(F)c1cc2c3CC(=O)Nc4c(cc(cc4)CCC#N)-c3[nH]c2cc1,1
FC(F)(F)c1cc2c3CC(=O)Nc4c(cc(cc4)\C=C\C#N)-c3[nH]c2cc1,0
FC(F)(F)c1cc2c3CC(=O)Nc4c(cc(cc4)\C=C\C(=O)C)-c3[nH]c2cc1,0
FC(F)(F)c1cc2c3CC(=O)Nc4c(cc(cc4)\C=C\C(OC)=O)-c3[nH]c2cc1,0
FC(F)(F)c1cc2c3CC(=O)Nc4c(nccc4)-c3[nH]c2cc1,0
FC(F)(F)c1cc2c3CC(=O)Nc4cc(OC)c(OC)cc4-c3[nH]c2cc1,1
FC(F)(F)c1cc2c3CC(=O)Nc4cc(OC)ccc4-c3[nH]c2cc1,0
FC(F)(F)c1cc2c3CC(=O)Nc4ncccc4-c3[nH]c2cc1,0
FC(F)(F)c1ccc(cc1)-c1cnc(nc1-c1c2c([nH]c1)cccc2)N,0
FC(F)(F)c1ccc(cc1)-c1n2[NH+]=C(N[C@@H](CC)CO)C=Cc2nc1,0
FC(F)(F)c1nc(ccc1)C(=O)NC1CC(n2c3ncnc(NCc4cccnc4)c3nc2)C1,1
FCC[C@@H]1c2[nH]c(cc2C(=O)NC1)-c1nc(ncc1)N,0
FCc1cc(ncc1)NC(=O)Nc1c2c(ccc1)C(=O)N1C2CCCC1,1
F[B-]1(F)[N+]=2C(C=CC=2CCC(=O)NCCOCCOCCOCC[NH2+][C@@H]2C[C@H]3O[C@@](n4c5c(c6c(c7c8c(n3c57)cccc8)C(=O)NC6)c3c4cccc3)(C)[C@@H]2OC)=Cc2n1c(cc2C)C,1
Fc1c2[nH]c(O)c(c2ccc1)-c1[nH]c2c(cccc2)c1N=O,1
Fc1cc(CNc2nc(nc3n(cnc23)C(C)C)N[C@H](CC)CO)c(O)cc1,1
Fc1cc(F)cnc1NC(=O)Nc1c2c(ccc1)C(=O)N1C2CCCC1,1
Fc1cc(NC(=O)C=2C(=O)N(N(C)C=2C)c2ccccc2)ccc1Oc1c2cc(OC)c(OC)cc2ncc1,0
Fc1cc(OC)c(cc1)-c1cc(ncc1)NC(=O)[C@@H]1C[C@H](NC(=O)C)CCC1,1
Fc1cc(OC)c(cc1)-c1cc(ncc1)NC(=O)[C@H]1C[C@@H](NC(=O)C)CC1,1
Fc1cc(cc(F)c1)C(=O)Nc1n[nH]c2c1CN(C(=O)C(C)(C)C)C2(C)C,1
Fc1cc(cc(F)c1C(=O)c1c[nH]c-2nncc-2c1OCCCC)C,1
Fc1cc(ccc1)CNc1ncnc2n(cnc12)C1CC(NC(=O)c2nc(ccc2)C)C1,1
Fc1cc(ccc1F)CN1[C@H](Cn2c(nc(c2)-c2nc(ncc2C)Nc2n(ncc2)C)C1=O)COC,1
Fc1cc(ccc1F)CNc1ncnc2n(cnc12)C1CC(NC(=O)c2nc(ccc2)C)C1,1
Fc1cc2[nH]c(O)c(c2cc1)-c1[nH]c2c(cccc2)c1N=O,1
Fc1cc2[nH]c(O)c(c2cc1)C/1=Nc2c(cccc2)\C\1=N/OC(=O)C,1
Fc1cc2[nH]c(O)c(c2cc1)C1=Nc2c(cccc2)C1=O,1
Fc1cc2[nH]c3c(c2cc1)ccnc3C,0
Fc1cc2c(n(cc2C2=C(c3cc(NCC(O)CO)ccc3)C(=O)NC2=O)C)cc1,0
Fc1cc2c-3c([nH]c2cc1)C(Oc1c-3cc(O)cc1)=O,0
Fc1cc2c3CC(=O)Nc4c(-c3[nH]c2cc1)c[nH+]cc4,1
Fc1cc2c3CC(=O)Nc4c(-c3[nH]c2cc1)cccc4,0
Fc1cc2c3CC(=O)Nc4c(nccc4)-c3[nH]c2cc1,0
Fc1ccc(Oc2ncccc2-c2nc(ncn2)NC)cc1C(=O)Nc1cc(ccc1N(CCC[NH+](C)C)C)C(F)(F)F,0
Fc1ccc(cc1)-c1nc-2ncc[nH]c-2c1,1
Fc1ccc(cc1)CNc1ncnc2n(cnc12)C1CC(NC(=O)c2nc(ccc2)C)C1,1
Fc1cnc(nc1-c1cc(F)c2nc(n(c2c1)C(C)C)C)Nc1nc2CC[NH+](Cc2cc1)CC[NH+](C)C,1
Fc1cnc(nc1-c1cc(F)c2nc(n(c2c1)C(C)C)C)Nc1ncc(cc1)C[NH+]1CC[NH+](CC1)CC,1
Fc1nc(NC(=O)Nc2c3c(ccc2)C(=O)N2C3CCCC2)ccc1,1
IC=1C(OC(=O)C=1O)c1cc(OC)c(OC)cc1,0
Ic1c2[nH]c(O)c(c2ccc1)-c1[nH]c2c(cccc2)c1N=O,0
Ic1c2n(CC(O)CNC2=O)c2c1c(OC)ccc2,0
Ic1c2n(CC(O)CNC2=O)c2c1cc(OC)cc2,0
Ic1c2n(CC(O)CNC2=O)c2c1ccc(O)c2,1
Ic1c2n(CC(O)CNC2=O)c2c1ccc(OC)c2,1
Ic1c2n(CC(O)CNC2=O)c2c1cccc2,1
Ic1cc(cc2c1[nH]c-1c2CC(=O)Nc2c-1nccc2)C#N,0
Ic1cc(ccc1)CNc1nc(nc2n(cnc12)C(C)C)N1CCC[C@@H]1CO,1
Ic1cc2-c3[nH]c4c(c3CC(=O)Nc2cc1)cccc4,0
Ic1cc2-c3[nH]c4c(cc(Br)cc4)c3CC(=O)Nc2cc1,0
Ic1cc2-c3[nH]c4c(cc(cc4)C(F)(F)F)c3CC(=O)Nc2cc1,0
Ic1cc2[nH]c(O)c(c2cc1)-c1[nH]c2c(cccc2)c1N=O,1
Ic1cc2[nH]c(O)c(c2cc1)C/1=Nc2c(cccc2)\C\1=N/OC(=O)C,0
Ic1cc2[nH]c(O)c(c2cc1)C1=Nc2c(cccc2)C1=O,0
Ic1cc2c([nH]c(O)c2-c2[nH]c3c(cccc3)c2N=O)cc1,1
Ic1cc2c3CC(=O)Nc4c(nccc4)-c3[nH]c2cc1,0
Ic1cnc(nc1-c1c2c([nH]c1)c(Br)ccc2)N,0
Ic1cnc(nc1-c1c2c([nH]c1)c(N)ccc2)N,1
Ic1cnc(nc1-c1c2c([nH]c1)cc(Br)cc2)N,1
Ic1cnc(nc1-c1c2c([nH]c1)cc(N)cc2)N,0
Ic1cnc(nc1-c1c2c([nH]c1)cc([N+](=O)[O-])cc2)N,0
Ic1cnc(nc1-c1c2c([nH]c1)cccc2)N,0
Ic1cnc(nc1-c1c2c(n(c1)C)cccc2)N,0
Ic1cnc(nc1-c1c2cc(Br)ccc2[nH]c1)N,0
Ic1cnc(nc1-c1c2cc([N+](=O)[O-])ccc2[nH]c1)N,0
Ic1nc(N(CC=C)C)c2ncn(c2n1)C,0
Ic1nc(N(CC=C)C)c2ncn(c2n1)C(C)C,0
Ic1nc(NCc2ccccc2)c2ncn(c2n1)C(C)C,0
O(C(=O)[C@@H]([NH3+])C(C)C)C[C@H](O)CNc1nc(NCc2ccc(cc2)-c2ncccc2)c2ncn(c2n1)C(C)C,1
O(C(=O)c1cc(ccc1)-c1n2[NH+]=C(N[C@@H](CC)CO)C=Cc2nc1)CC,0
O(C(C)(C)C)C(=O)N1CCC(CC1)CNc1ncnc2n(cnc12)C1CC(NC(=O)c2nc(ccc2)C)C1,1
O(C(C)(C)C)C(=O)N1CCC(Nc2ncnc3n(cnc23)C2CC(NC(=O)c3nc(ccc3)C)C2)CC1,1
O(C(CC)CO)c1cc(NCc2ccccc2)c2ncn(c2c1)C(C)C,0
O(C)C1=Nn2c(ncc2-c2cc(ccc2)\C=N\O)C=C1,0
O(C)C1=Nn2c(ncc2-c2cc3c([nH]cc3)cc2)C=C1,0
O(C)c1c2NC(=O)Cc3c([nH]c4c3cccc4)-c2ccc1,0
O(C)c1c2[nH]c3c(c2ccc1)c(cc1c3ccnc1)C#N,1
O(C)c1c2[nH]c3c(c2ccc1)c(cc1c3ccnc1)C(=O)N,0
O(C)c1c2c([nH]cc2-c2nc(ncc2)N)ncc1,1
O(C)c1c2c(n3c(C=C[NH+]=C3N)c2-c2nc(ncc2)N)ncc1,1
O(C)c1c2c3c(c[nH]c3cc1)C(C#N)=C(NC2C)c1cccnc1,0
O(C)c1cc(Nc2nc3CCCCc3cn2)ccc1,0
O(C)c1cc(Nc2ncnc3n(cnc23)C2CC(NC(=O)c3nc(ccc3)C)C2)ccc1,1
O(C)c1cc(Nc2ncnc3n(cnc23)C2CC(NC(=O)c3nc(ccc3)C)C2)ccc1OC,1
O(C)c1cc(ccc1)-c1nc-2ncc[nH]c-2c1,0
O(C)c1cc(ccc1OC)-c1[nH]c2nccnc2c1C,1
O(C)c1cc(ccc1OC)CNc1nc(nc2n(cnc12)C(C)C)C#CC(O)(CC)C,1
O(C)c1cc(nc2c1cccc2)NC(=O)Nc1c2[C@H]3N(CC[C@@H](O)C3)C(=O)c2ccc1,0
O(C)c1cc(nc2c1cccc2)NC(=O)Nc1c2[C@H]3N(CC[C@@H](OC)C3)C(=O)c2ccc1,0
O(C)c1cc(nc2c1cccc2)NC(=O)Nc1c2c(ccc1)C(=O)N1C2CCCC1,1
O(C)c1cc2-c3[nH]c4c(c3CC(=O)Nc2cc1OC)cccc4,0
O(C)c1cc2-c3[nH]c4c(cc([N+](=O)[O-])cc4)c3CC(=O)Nc2cc1,1
O(C)c1cc2-c3[nH]c4c(cc([N+](=O)[O-])cc4)c3CC(=O)Nc2cc1OC,1
O(C)c1cc2-c3[nH]c4c(cc(cc4)C#N)c3CC(=O)Nc2cc1OC,1
O(C)c1cc2NC(=O)Cc3c([nH]c4c3cc([N+](=O)[O-])cc4)-c2cc1,1
O(C)c1cc2NC(=O)Cc3c([nH]c4c3cc(cc4)C#N)-c2cc1,1
O(C)c1cc2[nH]c(cc2cc1)-c1n[nH]c2c1nccc2,0
O(C)c1cc2[nH]c3c(c2cc1)c(cc1c3c(OC)cnc1)C#N,0
O(C)c1cc2[nH]c3c(c2cc1)c(cc1c3c(OC)cnc1)C(=O)N,0
O(C)c1cc2[nH]c3c(c2cc1)c(cc1c3ccnc1)C#N,1
O(C)c1cc2[nH]c3c(c2cc1)c(cc1c3ccnc1)C(=O)N,0
O(C)c1cc2[nH]c3c(c2cc1)c(cc1c3ccnc1)CNC(=O)C,0
O(C)c1cc2[nH]c3c(c2cc1)c(cc1c3ccnc1)C[NH+](C)C,0
O(C)c1cc2[nH]c3c(c2cc1)c(cc1c3ccnc1)C[NH3+],0
O(C)c1cc2[nH]c3c(c2cc1)ccnc3C,0
O(C)c1cc2c(N=C(c3[nH]c4c(cc(OC)cc4)c3O)C2=O)cc1,0
O(C)c1cc2c(N=C(c3c4c([nH]c3O)cccc4)C2=O)cc1,0
O(C)c1cc2c(N=C(c3c4cc(OC)ccc4[nH]c3O)C2=O)cc1,1
O(C)c1cc2c([nH]c(O)c2C2=Nc3c(cccc3)C2=O)cc1,0
O(C)c1cc2c([nH]cc2-c2cc3c(cc2NC(=O)C)ccnc3)cc1,0
O(C)c1cc2c3CC(=O)Nc4c(-c3[nH]c2cc1)c[nH+]cc4,1
O(C)c1cc2c3CC(=O)Nc4c(-c3[nH]c2cc1)cccc4,0
O(C)c1cc2c3CC(=O)Nc4c(nccc4)-c3[nH]c2cc1,0
O(C)c1cc2c3CC(=O)Nc4ncccc4-c3[nH]c2cc1,0
O(C)c1cc2c3c([nH]c2cc1)c1c(cc3C#N)cncc1,1
O(C)c1cc2c3c([nH]c2cc1)c1c(cc3C#N)cncc1OC,1
O(C)c1cc\2c(NC(=O)/C/2=C\c2[nH]cnc2)cc1,1
O(C)c1ccc(N2CC[NH+](CC2)C)cc1Nc1nc-2c(CCc3c-2n(nc3C(=O)N)C)cn1,1
O(C)c1ccc(Nc2nc(nc3n(cnc23)C(C)C)C#CC(O)(CC)C)cc1,1
O(C)c1ccc(Nc2nc3CCCc3cn2)cc1,0
O(C)c1ccc(cc1)-c1[nH]c2nccnc2c1C,1
O(C)c1ccc(cc1)-c1[nH]c2nccnc2c1C(C)C,0
O(C)c1ccc(cc1)-c1[nH]c2nccnc2c1CC=C,0
O(C)c1ccc(cc1)-c1[nH]c2nccnc2c1CCC,1
O(C)c1ccc(cc1)-c1[nH]c2nccnc2c1CCCC,0
O(C)c1ccc(cc1)-c1[nH]nc-2c1C(=O)c1c-2cccc1NC(=O)[N-]NC(=O)c1ccc(O)cc1,1
O(C)c1ccc(cc1)-c1nc(ncc1)Nc1cc(N)ccc1,0
O(C)c1ccc(cc1)-c1nc-2ncc[nH]c-2c1,0
O(C)c1ccc(cc1)C(=O)Nc1nc(NCc2ccc(OC)cc2)c2ncn(c2n1)C(C)C,0
O(C)c1ccc(cc1)CC(=O)Nc1ncn(c1)C(C)C,1
O(C)c1ccc(cc1)CC(=O)Nc1ncn(c1)C1CC(NC(=O)C)C1,1
O(C)c1ccc(cc1)CC(=O)Nc1ncn(c1)C1CC1,1
O(C)c1ccc(cc1)CC(=O)Nc1ncn(c1)C1CCC1,1
O(C)c1ccc(cc1)CC(=O)Nc1ncn(c1)C1CCCC1,1
O(C)c1ccc(cc1)CC(=O)Nc1ncn(c1)C1CCCCC1,1
O(C)c1ccc(cc1)CC(=O)Nc1ncn(c1)Cc1ccccc1,0
O(C)c1ccc(cc1)CNc1nc(NCc2ccc(cc2)-c2ncccc2)c2[nH]nc(c2n1)C(C)C,0
O(C)c1ccc(cc1)CNc1nc(nc2n(cnc12)C(C)C)-c1ccc(cc1)C=O,0
O(C)c1ccc(cc1)CNc1nc(nc2n(cnc12)C(C)C)C#CC(O)(CC)C,1
O(C)c1ccc(cc1)CNc1nc(nc2n(cnc12)C(C)C)C(=O)NC(C)C,0
O(C)c1ccc(cc1)CNc1nc(nc2n(cnc12)C(C)C)C(=O)NCC(C)C,0
O(C)c1ccc(cc1)CNc1nc(nc2n(cnc12)C(C)C)N(CCO)CCO,1
O(C)c1ccc(cc1)CNc1nc(nc2n(cnc12)C(C)C)NC(=O)C(C)C,0
O(C)c1ccc(cc1)CNc1nc(nc2n(cnc12)C(C)C)NC(=O)CC(=O)C,0
O(C)c1ccc(cc1)CNc1nc(nc2n(cnc12)C(C)C)NC(=O)CC(C)C,0
O(C)c1ccc(cc1)CNc1nc(nc2n(cnc12)C(C)C)NC(=O)CCC,0
O(C)c1ccc(cc1O)-c1c2-n3c(ccc3)C(=O)c2[nH]c1,0
O(C)c1ccc(cc1O)-c1c2-n3c(ccc3)\C(=N\O)\c2[nH]c1,0
O(C)c1ccccc1-c1nc-2ncc[nH]c-2c1,0
O(C)c1cccnc1NC(=O)Nc1c2c(ccc1)C(=O)N1C2CCCC1,1
O(C)c1nc2[nH]cc(c2cc1)-c1ccncc1,0
O(CC)c1ccc(Nc2nc(nc3n(cnc23)C(C)C)C#CC(O)(CC)C)cc1,1
O(CC1CCCCC1)c1nc(nc2[nH]cnc12)N,0
O(CC1CCCCC1)c1nc(nc2[nH]cnc12)Nc1ccc(cc1)C(=O)N(CC)CC,0
O(CCC)c1c2c([nH]cc2-c2nc(ncc2)N)ncc1,1
O(CCNc1nc(nc2n(cnc12)C(C)C)-c1ccc(NC(OC)=O)cc1)C,0
O(CCNc1nc(nc2n(cnc12)C(C)C)-c1ccc(cc1)C(=O)C)C,0
O(CCNc1nc(nc2n(cnc12)C(C)C)-c1ccc(cc1)C(=O)NC)C,0
O(CCNc1nc(nc2n(cnc12)C(C)C)-c1ccc(cc1)C(=O)NCCC#N)C,0
O(CCNc1nc(nc2n(cnc12)C(C)C)-c1ccc(cc1)C=O)C,0
O(CCNc1nc(nc2n(cnc12)C(C)C)C(=O)NC(C)C)C,0
O(CCNc1nc(nc2n(cnc12)C(C)C)C(=O)NCC(C)C)C,0
O(CCNc1nc(nc2n(cnc12)C(C)C)NC(=O)C(C)C)C,0
O(CCNc1nc(nc2n(cnc12)C(C)C)NC(=O)CC(C)C)C,0
O(CCNc1nc(nc2n(cnc12)C(C)C)NC(=O)CCC)C,0
O(CCOCCOCC[NH3+])c1ccc(cc1)-c1[nH]c2nccnc2c1CCCC,1
O(CCOCCOCC[NH3+])c1ccc(cc1)-c1n(c2nccnc2c1CCCC)C,0
O(CC[NH+](C)C)c1ccc(nc1)Nc1ncnc(-n2c3c(nc2)cccc3)c1,1
O(Cc1ccccc1)c1cc(ccc1OC)-c1c2-n3c(ccc3)\C(=N\O)\c2[nH]c1,0
O1CCN(CC1)c1nc(NCc2ccc(cc2)-c2ncccc2)c2[nH]nc(c2n1)C(C)C,1
O1CCN([N-]C(=O)Nc2c3c(-c4[nH]nc(c4C3=O)-c3ccc(cc3)C[NH+]3CC[NH+](CC3)CCOC)ccc2)CC1,1
O1CCN(c2ccc(cc2)[C@@H](C(=O)Nc2n[nH]c(c2)C2CC2)C)C1=O,1
O1CCOC12CC1N(CC2)C(=O)c2c1c(NC(=O)Nc1ncccc1)ccc2,0
O1CCOC12CC1N(CC2)C(=O)c2c1c(NC(=O)Nc1ncccc1C)ccc2,0
O1CCOC12CC1N(CC2)C(=O)c2c1c(NC(=O)Nc1nccnc1)ccc2,0
O1CCOC1c1ccc(cc1)-c1nc-2ncc[nH]c-2c1,0
O1CCOc2c1cc(NC1=N\C(=C/c3cc4OCOc4cc3)\C(=O)N1C)cc2,0
O1CC[NH+](CC1)CCNC1=N\C(=C/c2cc3OCOc3cc2)\C(=O)N1C,0
O1CC[NH+](CC1)CCOc1c2c(cccc2)c(NC(=O)Nc2n(nc(c2)C(C)(C)C)-c2ccc(cc2)C)cc1,0
O1CC[NH+](CC1)Cc1cc(ncc1)NC(=O)Nc1c2c(ccc1)C(=O)N1C2CCCC1,1
O1CC[NH+](CC1)Cc1nc(NC(=O)Nc2c3c(ccc2)C(=O)N2C3CCCC2)ccc1,0
O1CC\C=C\C[NH+](Cc2cc(Nc3nc(-c4cc1ccc4)ccn3)ccc2)C,1
O1C[C@H](N2CCc3c(nn(c3)Cc3ccccc3)C2=O)C(=O)N(c2c1cccc2)C,1
O1[C@H](C\C=C\[C@@H](O)[C@@H](O)CC\C=C\c2c(C1=O)c(O)cc(O)c2)C,0
O1[C@H]2n3c4c(c5c(CNC5=O)c5c6c(n(c45)[C@]1(C)[C@H](OC)[C@H]([NH2+]C)C2)cccc6)c1c3cccc1,1
O1[C@H]2n3c4c(c5c(CNC5=O)c5c6c(n(c45)[C@]1(C)[C@](O)(C2)CO)cccc6)c1c3cccc1,1
O1c2c(C(=O)C(O)=C1c1cc(O)c(O)cc1)c(O)cc(O)c2,0
O1c2c(C(=O)C(O)=C1c1ccc(O)cc1)c(O)cc(O)c2,0
O1c2c(C(=O)C(O[C@@H]3O[C@H](CO)[C@H](O)[C@H](O)[C@H]3O)=C1c1cc(O)c(O)cc1)c(O)cc(O)c2,0
O1c2c(C(=O)C1(O)Cc1ccc(O)cc1)c(O[C@@H]1O[C@H](CO)[C@@H](O)[C@H](O)[C@H]1O)cc(O)c2,0
O1c2c(C(=O)C=C1c1cc(O)c(O)cc1)c(O)cc(O)c2,0
O1c2c(C(=O)C=C1c1ccc(O)cc1)c(O)cc(O)c2,0
O1c2c(C(=O)C=C1c1ccc(O)cc1)c(O)cc(O)c2-c1c2OC(=CC(=O)c2c(O)cc1O)c1ccc(O)cc1,0
O1c2c(C(=O)C=C1c1ccccc1)c(O)cc(O)c2,0
O1c2c(C(=O)C=C1c1ccccc1)c(O)cc(O)c2C1[NH2+]CCC1,0
O1c2c(C(=O)C=C1c1ccccc1)c(O)cc(O)c2C1[NH2+]CCCC1,0
O1c2c(C(=O)C=C1c1ccccc1)c(O)cc(O)c2[C@@H]([NH2+]C)CCCCC,0
O1c2c(C(=O)C=C1c1ccccc1)c(O)cc(O)c2[C@@H]1[NH+](CCC1)C,1
O1c2c(C(=O)C=C1c1ccccc1)c(O)cc(O)c2[C@@H]1[NH+](CCCC1)C,1
O1c2c(C(=O)C=C1c1ccccc1)c(O)cc(O)c2[C@H]([NH2+]C)CCCCC,1
O1c2c(C(=O)C=C1c1ccccc1)c(O)cc(O)c2[C@H]1[NH+](CCC1)C,1
O1c2c(C(=O)C=C1c1ccccc1)c(O)cc(O)c2[C@H]1[NH+](CCCC1)C,1
O1c2c(C(=O)c3c1cc(O)cc3O)c(O)ccc2O,1
O1c2c([C@]3(C1=CC([O-])=C(C(=O)C)C3=O)C)c(O)cc(O)c2C(=O)N,0
O1c2c(cc(O)cc2)-c2c([nH]c3c2cc(O)cc3)C1=O,1
O1c2c(cc(O)cc2)-c2c([nH]c3c2cc2OCOc2c3)C1=O,0
O1c2c(cc(O)cc2)-c2c([nH]c3c2cccc3)C1=O,0
O1c2c(ccc(O)c2)C(=O)C(O)=C1c1cc(O)c(O)cc1,1
O1c2cc(O)c3c(Nc4c(ccc(O)c4OC)C3=O)c2C=CC1(C)C,0
O1c2cc(O)ccc2-c2c([nH]c3c2cc(O)cc3)C1=O,0
O1c2cc(O)ccc2-c2c([nH]c3c2cccc3)C1=O,0
O1c2cc(O)ccc2-c2c([nH]c3cc(O)ccc23)C1=O,0
O1c2cc(ccc2OC1)CNc1nc(nc2n(cnc12)C(C)C)C#CC(O)(CC)C,1
O1c2cc(ccc2OC1)\C=C\1/N=C(NC(C)C)N(C)C/1=O,0
O1c2cc(ccc2OC1)\C=C\1/N=C(NC)N(C)C/1=O,0
O1c2cc(ccc2OC1)\C=C\1/N=C(NC/1=O)NCC,0
O1c2cc(ccc2OC1)\C=C\1/N=C(NC/1=O)NCC1CC1,0
O1c2cc(ccc2OC1)\C=C\1/N=C(NC/1=O)NCCC,0
O1c2cc(ccc2OC1)\C=C\1/N=C(NC/1=O)Nc1cc2OCOc2cc1,0
O1c2cc(ccc2OC1)\C=C\1/N=C(NC/1=O)Nc1ccc(O)cc1,0
O1c2cc(ccc2OC1)\C=C\1/N=C(NC/1=O)Nc1ccccc1,1
O1c2cc(ccc2OC1)\C=C\1/N=C(NC2CCCC2)N(C)C/1=O,0
O1c2cc(ccc2OC1)\C=C\1/N=C(NCC(C)C)N(C)C/1=O,0
O1c2cc(ccc2OC1)\C=C\1/N=C(NCC)N(C)C/1=O,0
O1c2cc(ccc2OC1)\C=C\1/N=C(NCC2CC2)N(C)C/1=O,1
O1c2cc(ccc2OC1)\C=C\1/N=C(NCC=C)N(C)C/1=O,0
O1c2cc(ccc2OC1)\C=C\1/N=C(NCCC(C)C)N(C)C/1=O,0
O1c2cc(ccc2OC1)\C=C\1/N=C(NCCC)N(C)C/1=O,0
O1c2cc(ccc2OC1)\C=C\1/N=C(NCCCC)N(C)C/1=O,0
O1c2cc(ccc2OC1)\C=C\1/N=C(NCCCO)N(C)C/1=O,0
O1c2cc(ccc2OC1)\C=C\1/N=C(NCCO)N(C)C/1=O,0
O1c2cc(ccc2OC1)\C=C\1/N=C(NCC[NH3+])N(C)C/1=O,1
O1c2cc(ccc2OC1)\C=C\1/N=C(Nc2cc3OCOc3cc2)N(C)C/1=O,0
O1c2cc(ccc2OC1)\C=C\1/N=C(Nc2ccc(O)cc2)N(C)C/1=O,0
O1c2cc(ccc2OC1)\C=C\1/N=C(Nc2ccc(OC)cc2)N(C)C/1=O,1
O1c2cc(ccc2OC1)\C=C\1/N=C(Nc2ccccc2)N(C)C/1=O,0
O=C(N)C1CC(n2cc(nc2)NC(=O)Cc2c3c(ccc2)cccc3)C1,1
O=C(N)c1nn(c-2c1CCc1c-2nc(nc1)NC1CCN(CC1)C(=O)C)C,1
O=C(N1CCC(Nc2nc-3c(CCc4c-3n(nc4C(=O)N)C)cn2)CC1)c1ccccc1,1
O=C(N1Cc2c([nH]nc2NC(=O)CC(C)C)C1(C)C)C1CC[NH+](CC1)C,1
O=C(NC)c1nn(c-2c1C(Cc1c-2nc(nc1)Nc1ccc(N2CC[NH+](CC2)C)cc1)(C)C)C,1
O=C(NC1CC(n2c3ncnc(NC4CCC(NC(=O)C)CC4)c3nc2)C1)c1nc(ccc1)C,1
O=C(NC1CC(n2c3ncnc(NC4CCN(CC4)C(=O)C)c3nc2)C1)c1nc(ccc1)C,1
O=C(NC1CC(n2c3ncnc(NC4CC[NH2+]CC4)c3nc2)C1)c1nc(ccc1)C,1
O=C(NC1CC(n2c3ncnc(NCC4CCCCC4)c3nc2)C1)c1nc(ccc1)C,1
O=C(NC1CC(n2c3ncnc(NCC4CC[NH2+]CC4)c3nc2)C1)c1nc(ccc1)C,1
O=C(NC1CC(n2c3ncnc(NCc4cccnc4)c3nc2)C1)c1nc(ccc1)-c1ccccc1,1
O=C(NC1CC(n2c3ncnc(NCc4cccnc4)c3nc2)C1)c1nc(ccc1)C,1
O=C(NC1CC(n2cc(nc2)NC(=O)Cc2c3c(ccc2)cccc3)C1)c1cccnc1,1
O=C(NC1CC(n2cc(nc2)NC(=O)Cc2c3c(ccc2)cccc3)C1)c1ccncc1,1
O=C(NC1CC(n2cc(nc2)NC(=O)Cc2c3c(ccc2)cccc3)C1)c1nc(ccc1)C,1
O=C(NC1CC(n2cc(nc2)NC(=O)Cc2c3c(ccc2)cccc3)C1)c1ncccc1,1
O=C(Nc1[nH]nc(c1)C1CC1)Cc1cc2c(cc1)cccc2,1
O=C(Nc1[nH]nc2c1CN(C2)C(=O)NCCCC)Cc1ccc(N2CCCC2)cc1,1
O=C(Nc1[nH]nc2c1CN(C2)C(=O)NCCCC)[C@@H](C)c1cc2c(cc1)cccc2,1
O=C(Nc1c2c(ccc1)ccnc2)Nc1[nH]cc(c1)C1CCC1,1
O=C(Nc1cc(ccc1)-c1n2[NH+]=C(Nc3cc(NC(=O)C)ccc3)C=Cc2nc1)C,1
O=C(Nc1cc(ccc1)C[NH+]1CCCC1)c1n[nH]c2c1cccc2,0
O=C(Nc1n[nH]c(c1)C1CCC1)Cc1ccc(cc1)-c1ccccc1,1
O=C(Nc1ncn(c1)C1CC(N(C(=O)C)C)C1)Cc1c2c(ccc1)cccc2,1
O=C(Nc1ncn(c1)C1CC(NC(=O)C)C1)Cc1c2c(ccc1)cccc2,1
O=C(Nc1ncn(c1)C1CCC1)Cc1c2c(ccc1)cccc2,1
O=C(Nc1ncn(c1)C1CCC1)Cc1ccccc1,1
O=C/1Nc2c(cc(N)cc2)\C\1=C/1\Nc2c(cccc2)\C\1=N/O,1
O=C/1Nc2c(cc(NC(=O)C)cc2)\C\1=C/1\Nc2c(cccc2)\C\1=N/O,1
O=C/1Nc2c(cccc2)\C\1=C/1\Nc2c(cc(cc2)C(=O)[O-])\C\1=N/O,1
O=C/1Nc2c(cccc2)\C\1=C/1\Nc2c(cc(cc2)C(OC)=O)\C\1=N/O,1
O=C/1Nc2c(cccc2)\C\1=C/1\Nc2cc(ccc2\C\1=N/O)C(=O)[O-],0
O=C/1Nc2cc(N)ccc2\C\1=C/1\Nc2c(cccc2)\C\1=N/O,1
O=C/1Nc2cc([N+](=O)[O-])ccc2\C\1=C/1\Nc2c(cccc2)\C\1=N/O,1
O=C/1c2c(N\C\1=C/1\c3c(NC\1=O)cc(N)cc3)cccc2,0
O=C/1c2c(N\C\1=C/1\c3c(NC\1=O)cccc3)cccc2,0
O=C/1c2c(N\C\1=C/1\c3cc(N)ccc3NC\1=O)cccc2,1
O=C/1c2c(N\C\1=C/1\c3cc(NC(=O)C)ccc3NC\1=O)cccc2,1
O=C/1c2cc(ccc2N\C\1=C/1\c2c(NC\1=O)cccc2)C(=O)[O-],0
O=C1C(=O)C(NC(C)(C)C)=C1Nc1nc(ncc1)Nc1ccc(cc1)-c1ccncc1,1
O=C1CC2N(CC1)C(=O)c1c2c(NC(=O)Nc2ncccc2)ccc1,0
O=C1CC2N(CC1)C(=O)c1c2c(NC(=O)Nc2nccnc2)ccc1,0
O=C1N(CCC1)c1ccc(cc1)[C@@H](C(=O)Nc1n[nH]c(c1)C1CC1)C,1
O=C1N(c2nc(ncc2C=C1C#N)Nc1ccc(N2CC[NH+](CC2)C)cc1)C1CCCC1,1
O=C1N2C(c3c1cccc3NC(=O)Nc1n[nH]cc1)CCCC2,1
O=C1N2C(c3c1cccc3NC(=O)Nc1nc(ccc1)-c1nnn(c1)CCNc1c3CCCCc3[nH+]c3c1cccc3)CCCC2,0
O=C1N2C(c3c1cccc3NC(=O)Nc1nc(ccc1)C#C)CCCC2,1
O=C1N2C(c3c1cccc3NC(=O)Nc1nc(ccc1)C(OC)=O)CCCC2,1
O=C1N2C(c3c1cccc3NC(=O)Nc1nc(ccc1)C)CCCC2,1
O=C1N2C(c3c1cccc3NC(=O)Nc1nc(ccc1)C=O)CCCC2,1
O=C1N2C(c3c1cccc3NC(=O)Nc1nc(ccc1)CO)CCCC2,1
O=C1N2C(c3c1cccc3NC(=O)Nc1nc(ccc1)COC)CCCC2,0
O=C1N2C(c3c1cccc3NC(=O)Nc1nc(ccc1)C[NH+](CC)CC)CCCC2,0
O=C1N2C(c3c1cccc3NC(=O)Nc1nc(ccc1)C[NH+]1CCCC1)CCCC2,0
O=C1N2C(c3c1cccc3NC(=O)Nc1nc(ccc1)C[NH+]1CCCCC1)CCCC2,1
O=C1N2C(c3c1cccc3NC(=O)Nc1nc(cnc1)C)CCCC2,1
O=C1N2C(c3c1cccc3NC(=O)Nc1nc3c(cc1)cccc3)CCCC2,1
O=C1N2C(c3c1cccc3NC(=O)Nc1ncc(cc1)-c1ccccc1)CCCC2,0
O=C1N2C(c3c1cccc3NC(=O)Nc1ncc(cc1)C)CCCC2,1
O=C1N2C(c3c1cccc3NC(=O)Nc1ncc(nc1)C)CCCC2,1
O=C1N2C(c3c1cccc3NC(=O)Nc1ncc3c(c1)cccc3)CCCC2,1
O=C1N2C(c3c1cccc3NC(=O)Nc1nccc(c1)-c1nnn(c1)CCNc1c3CCCCc3[nH+]c3c1cccc3)CCCC2,1
O=C1N2C(c3c1cccc3NC(=O)Nc1nccc(c1)C#C)CCCC2,1
O=C1N2C(c3c1cccc3NC(=O)Nc1nccc(c1)C)CCCC2,1
O=C1N2C(c3c1cccc3NC(=O)Nc1nccc(c1)CCC#C)CCCC2,1
O=C1N2C(c3c1cccc3NC(=O)Nc1nccc(c1)CCc1nnn(c1)CCNc1c3CCCCc3[nH+]c3c1cccc3)CCCC2,1
O=C1N2C(c3c1cccc3NC(=O)Nc1nccc(c1)CO)CCCC2,1
O=C1N2C(c3c1cccc3NC(=O)Nc1nccc(c1)COC)CCCC2,1
O=C1N2C(c3c1cccc3NC(=O)Nc1nccc(c1)COCC#C)CCCC2,1
O=C1N2C(c3c1cccc3NC(=O)Nc1nccc(c1)COCc1nnn(c1)C)CCCC2,1
O=C1N2C(c3c1cccc3NC(=O)Nc1nccc(c1)COCc1nnn(c1)CCCc1ccccc1)CCCC2,1
O=C1N2C(c3c1cccc3NC(=O)Nc1nccc(c1)COCc1nnn(c1)CCNc1c3CCCCc3[nH+]c3c1cccc3)CCCC2,1
O=C1N2C(c3c1cccc3NC(=O)Nc1nccc(c1)COCc1nnn(c1)CCNc1c3c([nH+]cc1)cccc3)CCCC2,1
O=C1N2C(c3c1cccc3NC(=O)Nc1nccc(c1)COCc1nnn(c1)CCNc1cc[nH+]cc1)CCCC2,1
O=C1N2C(c3c1cccc3NC(=O)Nc1nccc(c1)C[NH+](CC#C)C)CCCC2,1
O=C1N2C(c3c1cccc3NC(=O)Nc1nccc(c1)C[NH+](Cc1nnn(c1)CCNc1c3CCCCc3[nH+]c3c1cccc3)C)CCCC2,1
O=C1N2C(c3c1cccc3NC(=O)Nc1nccc(c1)C[NH+]1CCCCC1)CCCC2,1
O=C1N2C(c3c1cccc3NC(=O)Nc1nccc(c1)C[NH+]1CC[NH+](CC1)C)CCCC2,1
O=C1N2C(c3c1cccc3NC(=O)Nc1ncccc1)CCCC2,1
O=C1N2C(c3c1cccc3NC(=O)Nc1ncccc1C)CCCC2,1
O=C1N2C(c3c1cccc3NC(=O)Nc1nccnc1)CCCC2,1
O=C1N2C(c3c1cccc3NC(=O)Nc1nccnc1C)CCCC2,1
O=C1N2C(c3c1cccc3NC(=O)Nc1ncncc1)CCCC2,0
O=C1N2C(c3c1cccc3NC(=O)Nc1nn(cc1)C)CCCC2,1
O=C1N2[C@@H](c3c1cccc3NC(=O)Nc1nccc(c1)-c1nnn(c1)CCNc1c3CCCCc3[nH+]c3c1cccc3)CCCC2,1
O=C1N2[C@@H](c3c1cccc3NC(=O)Nc1nccc(c1)C#C)CCCC2,1
O=C1N2[C@H](c3c1cccc3NC(=O)Nc1nc(ccc1)C)C[C@H](O)CC2,1
O=C1N2[C@H](c3c1cccc3NC(=O)Nc1nc(ccc1)C)C[C@H](OC)CC2,0
O=C1N2[C@H](c3c1cccc3NC(=O)Nc1ncc(nc1)C)C[C@H](OC)CC2,1
O=C1N2[C@H](c3c1cccc3NC(=O)Nc1nccc(c1)-c1nnn(c1)CCNc1c3CCCCc3[nH+]c3c1cccc3)CCCC2,0
O=C1N2[C@H](c3c1cccc3NC(=O)Nc1nccc(c1)C#C)CCCC2,1
O=C1N2[C@H](c3c1cccc3NC(=O)Nc1nccc(c1)C)C[C@H](OC)CC2,1
O=C1N2[C@H](c3c1cccc3NC(=O)Nc1ncccc1)C[C@H](O)CC2,0
O=C1N2[C@H](c3c1cccc3NC(=O)Nc1ncccc1)C[C@H](OC)CC2,1
O=C1N2[C@H](c3c1cccc3NC(=O)Nc1ncccc1C)C[C@H](O)CC2,1
O=C1N2[C@H](c3c1cccc3NC(=O)Nc1ncccc1C)C[C@H](OC)CC2,0
O=C1N2[C@H](c3c1cccc3NC(=O)Nc1nccnc1)C[C@H](O)CC2,1
O=C1N2[C@H](c3c1cccc3NC(=O)Nc1nccnc1)C[C@H](OC)CC2,1
O=C1N2[C@H](c3c1cccc3NC(=O)Nc1nn(cc1)C)C[C@H](OC)CC2,0
O=C1NC(=O)C(=C1c1c2c(n(c1)C)cccc2)c1c2cccnc2n(c1)C,1
O=C1NC(=O)C2=C1c1c3c([nH]c1-n1nccc12)cccc3,0
O=C1NC(=O)C=2n3c(-c4[nH]c5c(c4C1=2)cccc5)ccc3,0
O=C1NC(=O)C=2n3c(-c4[nH]c5c(cc(cc5)C)c4C1=2)ccc3,0
O=C1NC(=O)c2c1c1c3c([nH]c1c1[nH]c4c(c12)cccc4)cccc3,1
O=C1NC(=O)c2c1c1c3c([nH]c1c1c2[nH]nc1)cccc3,1
O=C1NC(=O)c2c1c1c3c([nH]c1c1c2cccc1)cccc3,0
O=C1NC(=O)c2c1c1c3cc(ccc3[nH]c1c1c2[nH]nc1)C,1
O=C1NCc2c1c-1c(c3[nH]c4c(c23)cccc4)[C@H](c2c-1cccc2)[C@@H](OC(=O)NCC)C,0
O=C1Nc2c(-c3[nH]c4c(c3C1)c[n+]([O-])cc4)cccc2,0
O=C1Nc2c(-c3[nH]c4c(c3C1)cccc4)cccc2,0
O=C1Nc2c(-c3[nH]c4c(c3C1)cccc4C)cccc2,0
O=C1Nc2c(-c3[nH]c4c(c3C1)cccc4CC)cccc2,0
O=C1Nc2c(-c3[nH]c4c(c3C1)cncc4)cccc2,0
O=C1Nc2c(-c3[nH]c4c(cc(N)cc4)c3C1)cccc2,0
O=C1Nc2c(-c3[nH]c4c(cc([N+](=O)[O-])cc4)c3C1)cccc2,1
O=C1Nc2c(-c3[nH]c4c(cc(cc4)C#N)c3C1)c[nH+]cc2,1
O=C1Nc2c(-c3[nH]c4c(cc(cc4)C#N)c3C1)cccc2,1
O=C1Nc2c(-c3[nH]c4c(cc(cc4)C(=O)C[NH3+])c3C1)cccc2,0
O=C1Nc2c(-c3[nH]c4c(cc(cc4)C)c3C1)cccc2,0
O=C1Nc2c(-c3[nH]c4ncccc4c3C1)cccc2,0
O=C1Nc2c(cc(cc2)C#N)-c2[nH]c3c(c2C1)cccc3,0
O=C1Nc2c(cc(cc2)C#N)-c2[nH]c3c(cc(cc3)C#N)c2C1,1
O=C1Nc2c(nccc2)-c2[nH]c3c(c2C1)cccc3,0
O=C1Nc2c(nccc2)-c2[nH]c3c(cc(cc3)C(=O)[O-])c2C1,0
O=C1Nc2c(nccc2)-c2n(c3c(c2C1)cccc3)C,0
O=C1Nc2ncccc2-c2[nH]c3c(cc(cc3)C)c2C1,0
O=C1c2c(-[n+]3c1c1[nH]c4c(c1cc3)cccc4)cccc2,0
O=[N+]([O-])c1c2[nH]cc(c2ccc1)-c1nc(ncc1)N,0
O=[N+]([O-])c1cc(Nc2nc3CCCCc3cn2)ccc1,0
OC(C(O)Nc1nc(Nc2cc(ccc2)-c2ncccn2)c2ncn(c2n1)C(C)C)C,1
OC(CC)(C#Cc1nc(NCc2ccc(N(C)C)cc2)c2ncn(c2n1)C(C)C)C,1
OC(CC)(C#Cc1nc(NCc2ccccc2)c2ncn(c2n1)C(C)C)C,1
OC(CC)(C#Cc1nc(Nc2ccccc2)c2ncn(c2n1)C(C)C)C,1
OC(CNc1nc(NCc2ccc(cc2)-c2ncccc2)c2[nH]nc(c2n1)C(C)C)(C)C,1
OC(CNc1nc(NCc2ccc(cc2)-c2ncccc2)c2[nH]nc(c2n1)C(C)C)C,1
OC(CNc1nc(NCc2ccc(cc2)-c2ncccc2)c2[nH]nc(c2n1)C(C)C)CO,1
OC(CNc1nc(NCc2ccccc2)c2ncn(c2n1)C(C)C)c1ccccc1,0
OC(CNc1nc(NCc2ccccc2N)c2ncn(c2n1)C(C)C)(C)C,1
OC(Cc1ccccc1)(C#Cc1nc(NCCCC)c2ncn(c2n1)C(C)C)C,1
OC(Nc1nc(Nc2cc(ccc2)-c2cncnc2)c2ncn(c2n1)C(C)C)C(C)C,1
OC(Nc1nc(Nc2cc(ccc2)-c2ncccn2)c2ncn(c2n1)C(C)C)C(C)C,1
OC(Nc1nc(Nc2ccc(cc2)-c2cncnc2)c2ncn(c2n1)C(C)C)C(C)C,1
OC(Nc1nc(Nc2ccc(cc2)-c2cncnc2)c2ncn(c2n1)C(C)C)CCO,1
OC([C@@H](Nc1nc(NCc2ccccc2N)c2ncn(c2n1)C(C)C)C(C)C)(C)C,1
OC1CCN(C1)c1nc(NCc2ccccc2)c2ncn(c2n1)C(C)C,0
OCC(C)(C)c1nc(Nc2ccnnc2)c2ncn(c2n1)C(C)C,1
OCC(C)(C)c1nc(Nc2cncnc2)c2ncn(c2n1)C(C)C,1
OCC(C)(C)c1nc(Nc2nc3c(ncnc3)n2C(C)C)cnc1,0
OCC(C)(C)c1nc(Nc2ncncc2)c2ncn(c2n1)C(C)C,0
OCC(CO)c1nc2c(ncnc2Nc2cccnc2)n1C(C)C,1
OCC(CO)c1nc2c(ncnc2Nc2ccnnc2)n1C(C)C,1
OCC(CO)c1nc2c(ncnc2Nc2cncnc2)n1C(C)C,1
OCC(CO)c1nc2c(ncnc2Nc2ncncc2)n1C(C)C,0
OCC(Nc1nc(NCc2ccc(cc2)-c2ncccc2)c2[nH]nc(c2n1)C(C)C)CC,1
OCC(Nc1nc(NCc2ccccc2)c2ncn(c2n1)C(C)C)CC,1
OCC(Nc1nc(NCc2ccccc2)c2ncn(c2n1)C(C)C)CCC,1
OCC(Nc1nc(NCc2ccccc2)c2ncn(c2n1)C(C)C)CCCC,0
OCC(Nc1nc(Nc2cc(ccc2)-c2ncccc2)c2ncn(c2n1)C(C)C)CC,1
OCC([NH3+])CNc1nc(NCc2ccc(cc2)-c2ncccc2)c2[nH]nc(c2n1)C(C)C,1
OCCC1N(CCCC1)c1nc(NCc2ccc(cc2)-c2ncccc2)c2[nH]nc(c2n1)C(C)C,1
OCCN(Cc1ccccc1)c1nc(NCc2ccccc2)c2ncn(c2n1)C(C)C,0
OCCNc1nc(NCc2ccc(cc2)-c2ncccc2)c2[nH]nc(c2n1)C(C)C,1
OCCNc1nc(NCc2ccccc2)c2ncn(c2n1)C,0
OCC[C@@H]1N(CCCC1)C1=Nc2n(ncc2C)C(NCc2ccc[n+]([O-])c2)=C1,1
OCC[C@H]1N(CCCC1)C1=Nc2n(ncc2CC)C(NCc2ccc[n+]([O-])c2)=C1,1
OCC[NH+]1CCN(CC1)c1nc(NCc2ccc(cc2)-c2ncccc2)c2[nH]nc(c2n1)C(C)C,1
OC[C@@H](N(C(=O)C)C1=Nn2c(ncc2-c2cc(NC(=O)C)ccc2)C=C1)CC,0
OC[C@@H](NC1=[NH+]n2c(ncc2-c2[nH]c3c(c2)cccc3)C=C1)CC,0
OC[C@@H](NC1=[NH+]n2c(ncc2-c2cc(N)ccc2)C=C1)CC,0
OC[C@@H](NC1=[NH+]n2c(ncc2-c2cc(NC(=O)C)ccc2)C=C1)CC,1
OC[C@@H](NC1=[NH+]n2c(ncc2-c2cc(ccc2)C(=O)N[C@@H](CC)CO)C=C1)CC,0
OC[C@@H](NC1=[NH+]n2c(ncc2-c2cc(ccc2)C=O)C=C1)CC,1
OC[C@@H](NC1=[NH+]n2c(ncc2-c2cc(ccc2)\C=N\O)C=C1)CC,1
OC[C@@H](NC1=[NH+]n2c(ncc2-c2cc(ccc2)\C=N\[C@@H](CC)CO)C=C1)CC,1
OC[C@@H](NC1=[NH+]n2c(ncc2-c2cc3c([nH]cc3)cc2)C=C1)CC,0
OC[C@@H](NC1=[NH+]n2c(ncc2-c2cccnc2)C=C1)C(C)C,0
OC[C@@H](NC1=[NH+]n2c(ncc2-c2cccnc2)C=C1)CC,0
OC[C@@H](NC1=[NH+]n2c(ncc2-c2nc(ncc2)N)C=C1)CC,0
OC[C@@H](NC=1[NH+]=C(n2ncc(c2[NH+]=1)C(C)C)NCc1ccccc1)CC,1
OC[C@@H](Nc1nc(NCc2ccccc2)c2ncn(c2n1)C(C)C)C,0
OC[C@@H](Nc1nc(NCc2ccccc2)c2ncn(c2n1)C(C)C)Cc1ccccc1,0
OC[C@@H](Nc1nc(NCc2ccccc2)c2ncn(c2n1)C(C)C)c1ccccc1,0
OC[C@@H](Nc1nc(Nc2cc[nH+]cc2)c2ncn(c2n1)C(C)C)C(C)C,1
OC[C@@H](Nc1nc(Nc2cc[nH+]cc2)c2ncn(c2n1)C(C)C)CC,1
OC[C@@H](Nc1nc(Nc2cccnc2)c2ncn(c2n1)C(C)C)C(C)C,1
OC[C@@H](Nc1nc(Nc2cccnc2)c2ncn(c2n1)C(C)C)CC,1
OC[C@@H](Nc1nc(Nc2ccnnc2)c2ncn(c2n1)C(C)C)C(C)C,1
OC[C@@H](Nc1nc(Nc2ccnnc2)c2ncn(c2n1)C(C)C)CC,1
OC[C@@H](Nc1nc(Nc2cncnc2)c2ncn(c2n1)C(C)C)C(C)C,1
OC[C@@H](Nc1nc(Nc2cncnc2)c2ncn(c2n1)C(C)C)CC,1
OC[C@@H](Nc1nc(Nc2ncccc2)c2ncn(c2n1)C(C)C)C(C)C,0
OC[C@@H](Nc1nc(Nc2ncccc2)c2ncn(c2n1)C(C)C)CC,0
OC[C@@H](Nc1nc(Nc2ncccn2)c2ncn(c2n1)C(C)C)C(C)C,0
OC[C@@H](Nc1nc(Nc2ncccn2)c2ncn(c2n1)C(C)C)CC,0
OC[C@@H](Nc1nc(Nc2ncncc2)c2ncn(c2n1)C(C)C)C(C)C,0
OC[C@@H](Nc1nc(Nc2ncncc2)c2ncn(c2n1)C(C)C)CC,0
OC[C@@H](O)CCNc1nc(NCc2ccc(cc2)-c2ncccc2)c2ncn(c2n1)C(C)C,1
OC[C@@H]1N(CCC1)c1nc(NCc2ccccc2)c2ncn(c2n1)C(C)C,0
OC[C@@H]1N(CCC1)c1nc(NCc2ccccc2)c2ncn(c2n1)C1CCCC1,1
OC[C@@H]1N(CCC1)c1nc(NCc2ccccc2)c2ncn(c2n1)C1CCCCC1,0
OC[C@H](NC1=[NH+]c2n(ncc2C(C)C)C(NCc2ccccc2)=C1)[C@H](O)CO,1
OC[C@H](NC=1[NH+]=C(NCc2ccccc2)c2n([NH+]=1)c(cn2)C(C)C)CC,1
OC[C@H](NC=1[NH+]=C(n2ncc(c2[NH+]=1)C(C)C)NCc1ccccc1)CC,1
OC[C@H](Nc1nc(NCc2ccc(cc2)-c2ncccc2)c2ncn(c2n1)C(C)C)CC,1
OC[C@H](Nc1nc(NCc2ccccc2)c2[nH]nc(c2n1)C(C)C)CC,1
OC[C@H](Nc1nc(NCc2ccccc2)c2ncn(c2n1)C(C)C)C,1
OC[C@H](Nc1nc(NCc2ccccc2)c2ncn(c2n1)C(C)C)CC,1
OC[C@H](Nc1nc(NCc2ccccc2)c2ncn(c2n1)C(C)C)Cc1ccccc1,0
OC[C@H](Nc1nc(NCc2ccccc2)c2ncn(c2n1)C(C)C)c1ccccc1,0
OC[C@H](Nc1nc(Nc2cc(ccc2)-c2ncccc2)c2ncn(c2n1)C(C)C)CC,1
OC[C@H](Nc1nc(Nc2cc[nH+]cc2)c2ncn(c2n1)C(C)C)C(C)C,1
OC[C@H](Nc1nc(Nc2cc[nH+]cc2)c2ncn(c2n1)C(C)C)CC,1
OC[C@H](Nc1nc(Nc2cccnc2)c2ncn(c2n1)C(C)C)C(C)C,1
OC[C@H](Nc1nc(Nc2cccnc2)c2ncn(c2n1)C(C)C)CC,1
OC[C@H](Nc1nc(Nc2ccnnc2)c2ncn(c2n1)C(C)C)C(C)C,1
OC[C@H](Nc1nc(Nc2ccnnc2)c2ncn(c2n1)C(C)C)CC,1
OC[C@H](Nc1nc(Nc2cncnc2)c2ncn(c2n1)C(C)C)C(C)C,1
OC[C@H](Nc1nc(Nc2cncnc2)c2ncn(c2n1)C(C)C)CC,1
OC[C@H](Nc1nc(Nc2nc3c(ncnc3)n2C(C)C)cnc1)C(C)C,1
OC[C@H](Nc1nc(Nc2nc3c(ncnc3)n2C(C)C)cnc1)CC,1
OC[C@H](Nc1nc(Nc2ncccc2)c2ncn(c2n1)C(C)C)C(C)C,0
OC[C@H](Nc1nc(Nc2ncccc2)c2ncn(c2n1)C(C)C)CC,0
OC[C@H](Nc1nc(Nc2ncncc2)c2ncn(c2n1)C(C)C)C(C)C,1
OC[C@H](Nc1nc(Nc2ncncc2)c2ncn(c2n1)C(C)C)CC,0
OC[C@H](O)CNc1nc(NCc2ccc(cc2)-c2ncccc2)c2ncn(c2n1)C(C)C,1
OC[C@H]1N(CCC1)c1nc(NCc2ccccc2)c2ncn(c2n1)C(C)C,0
OCc1nc(NC(=O)N[C@H](C)c2ccccc2)cc2[nH]ncc12,0
O[C@@H](Nc1nc(Nc2cc(ccc2)-c2cncnc2)c2ncn(c2n1)C(C)C)CC(C)C,1
O[C@@H](Nc1nc(Nc2cc(ccc2)-c2cncnc2)c2ncn(c2n1)C(C)C)CCC,1
O[C@@H](Nc1nc(Nc2cc(ccc2)-c2ncccn2)c2ncn(c2n1)C(C)C)CC(C)C,1
O[C@@H](Nc1nc(Nc2cc(ccc2)-c2ncccn2)c2ncn(c2n1)C(C)C)CCC,1
O[C@@H](Nc1nc(Nc2ccc(cc2)-c2cncnc2)c2ncn(c2n1)C(C)C)CC(C)C,1
O[C@@H](Nc1nc(Nc2ccc(cc2)-c2cncnc2)c2ncn(c2n1)C(C)C)CCC,1
O[C@@H](Nc1nc(Nc2ccc(cc2)-c2ncccn2)c2ncn(c2n1)C(C)C)CC(C)C,1
O[C@@H](Nc1nc(Nc2ccc(cc2)-c2ncccn2)c2ncn(c2n1)C(C)C)CCC,1
O[C@@H]([C@@H](Nc1nc(NCc2cnc(cc2C)C)c2ncn(c2n1)C(C)C)C)C,1
O[C@@H]([C@@H](Nc1nc(NCc2cnc(cc2C)C)c2ncn(c2n1)C(C)C)CC)C,1
O[C@@H]1C[C@H](N(C1)c1nc(NCc2ccc(cc2)-c2ncccc2)c2ncn(c2n1)C(C)C)CO,1
O[C@@H]1[C@H](Nc2nc(NCc3ccc(cc3)-c3ncccc3)c3ncn(c3n2)C(C)C)CCC[C@@H]1O,1
O[C@@]12[C@@H]3[NH+]4[C@@H](C=CCCCC4)C[C@]34[C@@H](CC[NH+](CCCC\C=C/CC1)C4)C(=C2)c1nccc2c1[nH]c1c2cccc1,0
O[C@H](Nc1nc(Nc2cc(ccc2)-c2cncnc2)c2ncn(c2n1)C(C)C)CCC,1
O[C@H](Nc1nc(Nc2cc(ccc2)-c2ncccn2)c2ncn(c2n1)C(C)C)CC(C)C,1
O[C@H](Nc1nc(Nc2cc(ccc2)-c2ncccn2)c2ncn(c2n1)C(C)C)CCC,1
O[C@H](Nc1nc(Nc2cc(ccc2)-c2ncccn2)c2ncn(c2n1)C(C)C)CCC(C)C,0
O[C@H](Nc1nc(Nc2ccc(cc2)-c2cncnc2)c2ncn(c2n1)C(C)C)CC(C)C,1
O[C@H](Nc1nc(Nc2ccc(cc2)-c2cncnc2)c2ncn(c2n1)C(C)C)CCC,1
O[C@H](Nc1nc(Nc2ccc(cc2)-c2cncnc2)c2ncn(c2n1)C(C)C)CCC(C)C,1
O[C@H](Nc1nc(Nc2ccc(cc2)-c2ncccn2)c2ncn(c2n1)C(C)C)CC(C)C,1
O[C@H](Nc1nc(Nc2ccc(cc2)-c2ncccn2)c2ncn(c2n1)C(C)C)CCC,1
O[C@H]1C[NH2+]CC[C@@H]1CNC1=[NH+]c2n(ncc2C(C)C)C(NCc2ccccc2)=C1,0
O\1c2c(C(=O)/C/1=C/c1cc(O)c(O)cc1)c(O)cc(O)c2,0
O\1c2c(C(=O)/C/1=C/c1cc(O)c(O)cc1)c(O)cc(O[C@@H]1O[C@H](CO)[C@@H](O)[C@H](O)[C@H]1O)c2,0
O\1c2c(cc(OC)cc2)C(=O)/C/1=C/c1cc(O)c(O)cc1,0
O\1c2c(ccc(O)c2)C(=O)/C/1=C/c1cc(O)c(O)cc1,0
Oc1[nH]c2c(cc([N+](=O)[O-])cc2)c1-c1[nH]c2c(cccc2)c1N=O,1
Oc1[nH]c2c(cc([N+](=O)[O-])cc2)c1C1=Nc2c(cccc2)C1=O,0
Oc1[nH]c2c(cc(cc2)C)c1C1=Nc2c(cccc2)C1=O,0
Oc1[nH]c2c(ccc(c2)C=C)c1-c1[nH]c2c(cccc2)c1N=O,1
Oc1[nH]c2c(ccc(c2)C=C)c1C/1=Nc2c(cccc2)\C\1=N/OC(=O)C,1
Oc1[nH]c2c(ccc(c2)C=C)c1C1=Nc2c(cccc2)C1=O,0
Oc1[nH]c2c(cccc2)c1-c1[nH]c2c(cccc2)c1N=O,1
Oc1[nH]c2c(cccc2)c1C/1=Nc2c(cccc2)\C\1=N/OC,1
Oc1[nH]c2c(cccc2)c1C/1=Nc2c(cccc2)\C\1=N/OC(=O)C,1
Oc1[nH]c2c(cccc2)c1C/1=Nc2c(cccc2)\C\1=N\OC,1
Oc1[nH]c2c(cccc2)c1C/1=Nc2c(cccc2)\C\1=N\OC(=O)C,1
Oc1[nH]c2c(cccc2)c1C1=Nc2c(cc(cc2)C)C1=O,0
Oc1c2c([nH]cc2-c2nc(ncc2)N)ccc1,0
Oc1c2c([nH]cc2-c2nc(ncc2)N)ncc1,1
Oc1c2c(ccc1)[C@@H](N1c3nc(ncc3C(C)(C)C1=O)Nc1ccccc1)CC2,1
Oc1c2nc(NC(=O)Nc3c4c(ccc3)C(=O)N3C4CCCC3)ccc2ccc1,1
Oc1cc(nc2c1cccc2)NC(=O)Nc1c2c(ccc1)C(=O)N1C2CCCC1,0
Oc1cc2[nH]c(cc2cc1)-c1cc(cnc1)-c1ccc(cc1)C#N,1
Oc1cc2[nH]c(cc2cc1)-c1nc(cnc1)-c1ccc(cc1)C#N,0
Oc1cc2c3C4=C(c5n(ncc5)-c3[nH]c2cc1)C(=O)NC4=O,1
Oc1cc2c3C4=C(n5c(-c3[nH]c2cc1)ccc5)C(=O)NC4=O,0
Oc1cc2c3CC(=O)Nc4c(nccc4)-c3[nH]c2cc1,0
Oc1cc2c3c4c(c5c(c3[nH]c2cc1)cccc5)C(=O)NC4=O,1
Oc1cc2cc([nH]c2cc1)-c1cc(cnc1)-c1ccc(cc1)C#N,0
Oc1cc2cc([nH]c2cc1)-c1nc(cnc1)-c1ccc(cc1)C#N,0
Oc1ccc(cc1)-c1[nH]c2nccnc2c1C,1
Oc1ccc(cc1)-c1[nH]c2nccnc2c1CCC,0
Oc1ccc(cc1)-c1[nH]c2nccnc2c1CCCC,1
Oc1ccc(cc1)-c1cc(cnc1)-c1[nH]c2c(c1)cc(O)cc2,0
Oc1ccc(cc1)-c1cc(cnc1)-c1[nH]c2cc(O)ccc2c1,1
Oc1ccc(cc1)-c1cc(ncc1)-c1[nH]c2c(c1)cc(O)cc2,1
Oc1ccc(cc1)-c1cc(ncc1)-c1[nH]c2cc(O)ccc2c1,1
Oc1ccc(cc1)-c1n(c2nccnc2c1CCCC)C,0
Oc1ccc(cc1)-c1nc(cnc1)-c1[nH]c2c(c1)cc(O)cc2,0
Oc1ccc(cc1)-c1nc(cnc1)-c1[nH]c2cc(O)ccc2c1,0
Oc1ccc(cc1)-c1nc-2ncc[nH]c-2c1,1
Oc1ccc(nc1)NC(=O)Nc1c2c(ccc1)C(=O)N1C2CCCC1,0
Oc1ccccc1-c1nc-2ncc[nH]c-2c1,0
Oc1ccccc1-c1ncc(cc1)CNc1nc(nc2n(cnc12)C1CCCC1)NC1CCC([NH3+])CC1,1
Oc1ccccc1CNc1nc(nc2n(cnc12)C(C)C)NCC(C)C,0
Oc1ccccc1CNc1nc(nc2n(cnc12)C(C)C)NCCC(O)(C)C,0
Oc1ccccc1CNc1nc(nc2n(cnc12)C(C)C)N[C@H](CC)CO,1
Oc1cccnc1NC(=O)Nc1c2c(ccc1)C(=O)N1C2CCCC1,1
S(=O)(=O)(C)c1cc(ccc1)-c1n2[NH+]=C(N[C@@H](CC)CO)C=Cc2nc1,1
S(=O)(=O)(C)c1ccc(cc1)-c1cc(cnc1)-c1[nH]c2c(c1)cc(O)cc2,0
S(=O)(=O)(C)c1ccc(cc1)-c1cc(cnc1)-c1[nH]c2cc(O)ccc2c1,1
S(=O)(=O)(C)c1ccc(cc1)-c1nc(cnc1)-c1[nH]c2c(c1)cc(O)cc2,0
S(=O)(=O)(C)c1ccc(cc1)-c1nc(cnc1)-c1[nH]c2cc(O)ccc2c1,0
S(=O)(=O)(C)c1nc(NCc2ccc(cc2)-c2ncccc2)c2[nH]nc(c2n1)C(C)C,1
S(=O)(=O)(N)Cc1cc(Nc2ncnc(c2)-c2ccccc2OC)ccc1,0
S(=O)(=O)(N)c1cc(Nc2nc3CCCCc3cn2)ccc1,1
S(=O)(=O)(N)c1ccc(Nc2nc(OCC3CCCCC3)c3c([nH]nc3)n2)cc1,0
S(=O)(=O)(N)c1ccc(Nc2nc(OCC3CCCCC3)c3cc[nH]c3n2)cc1,0
S(=O)(=O)(N)c1ccc(Nc2nc(OCC3CCCCC3)c3nc[nH]c3n2)cc1,1
S(=O)(=O)(N)c1ccc(Nc2nc(OCC3CCCCC3)c3nn[nH]c3n2)cc1,0
S(=O)(=O)(N)c1ccc(Nc2nc(n(n2)C(=O)c2c(F)cccc2F)N)cc1,1
S(=O)(=O)(N)c1ccc(Nc2ncnc(N)c2)cc1,0
S(=O)(=O)(N1CCC(CC1)C(=O)N1CCC(Nc2nc-3c(CCc4c-3n(nc4C(=O)NC)C)cn2)CC1)C,1
S(=O)(=O)(N1CCC(Nc2nc(N)c(cn2)C(=O)c2c(F)c(F)ccc2OC)CC1)C,1
S(=O)(=O)(NC)c1ccc(Nc2nc(N)c(/[N+](/[O-])=N/C#N)c(OCC3CCCCC3)n2)cc1,1
S(=O)(=O)(NC1CC(n2cc(nc2)NC(=O)Cc2ccc(OC)cc2)C1)C,1
S(=O)(=O)(NCCO)c1ccc(Nc2nc(N)c(/[N+](/[O-])=N/C#N)c(OCC3CCCCC3)n2)cc1,1
S(=O)(=O)(Nc1ccc(cc1)-c1nc(NCCOC)c2ncn(c2n1)C(C)C)C,0
S(C)C1=Nc2c(-c3n(c4c(cc([N+](=O)[O-])cc4)c3C1)C)cccc2,0
S(C)C1=Nn2c(ncc2-c2cc(ccc2)C(F)(F)F)C=C1,1
S(C)C1=Nn2c(ncc2-c2cc3c([nH]cc3)cc2)C=C1,0
S(C)c1cc(ccc1)-c1n2[NH+]=C(N[C@@H](CC)CO)C=Cc2nc1,1
S(C)c1nc(NCc2ccc(cc2)-c2ncccc2)c2[nH]nc(c2n1)C(C)C,1
S(C)c1nc(ccn1)-c1n2[NH+]=C(N[C@@H](CC)CO)C=Cc2nc1,0
S(C)c1nc2CCc3c(nc(nc3)Nc3ccc(cc3)C(=O)N(CC[NH+](C)C)C)-c2cn1,1
S(CC[NH3+])c1nc(NCc2ccc(cc2)-c2ncccc2)c2[nH]nc(c2n1)C(C)C,1
S(Oc1ccc(cc1)-c1[nH]c2nccnc2c1C)(=O)(=O)N(C)C,1
S1(=O)(=O)CCC(CC1)Cn1nc2c(CCN([C@H]3COc4c(N(C)C3=O)cccc4)C2=O)c1,1
S1CCN(CC1)c1nc(NCc2ccc(cc2)-c2ncccc2)c2[nH]nc(c2n1)C(C)C,1
S1CCSC12CC1N(CC2)C(=O)c2c1c(NC(=O)Nc1ncc(nc1)C)ccc2,1
S1CCSC12CC1N(CC2)C(=O)c2c1c(NC(=O)Nc1ncccc1)ccc2,1
S1CCSC12CC1N(CC2)C(=O)c2c1c(NC(=O)Nc1nccnc1)ccc2,1
S1\C(=C/c2cc3c(nccc3)cc2)\C(=O)N=C1NCc1sccc1,0
S1c2n(N=C1c1cc([N+](=O)[O-])ccc1)c(nn2)-c1sc(NC(=O)C)cc1-c1ccccc1,1
S1c2n(N=C1c1cc([N+](=O)[O-])ccc1)c(nn2)-c1sc(NC(=O)C)cc1C,1
S1c2n(N=C1c1ccccc1)c(nn2)-c1sc(NC(=O)C)cc1-c1ccccc1,1
S1c2n(N=C1c1ccccc1)c(nn2)-c1sc(NC(=O)C)cc1C,1
S1c2n(NC(=C1c1ccccc1)c1ccccc1)c(nn2)-c1sc(NC(=O)C)cc1-c1ccccc1,1
S1c2n(NC(=C1c1ccccc1)c1ccccc1)c(nn2)-c1sc(NC(=O)C)cc1C,1
S1c2n(NC1=S)c(nn2)-c1sc(NC(=O)C)cc1-c1ccccc1,0
S1c2n(NC1=S)c(nn2)-c1sc(NC(=O)C)cc1C,0
S=C(Nc1ccc(OC)cc1)NC(=O)c1cn(nc1-c1ccc(F)cc1)-c1ccccc1,0
S=C(Nc1ccc(OC)cc1)NC(=O)c1cn(nc1-c1ccc(OC)cc1)-c1ccccc1,0
S=C(Nc1ccc(OC)cc1)NC(=O)c1cn(nc1-c1ccc(cc1)C)-c1ccccc1,0
S=C(Nc1ccc(OC)cc1)NC(=O)c1cn(nc1-c1ccccc1)-c1ccccc1,0
S=C1N2c3c(NC2(CC(N1)(C)C)C)cc(cc3)-c1cc2NC3(N(c2cc1)C(=S)NC(C3)(C)C)C,0
SC1=Nc2c(-c3[nH]c4c(cc([N+](=O)[O-])cc4)c3C1)cccc2,0
[NH+](CCNc1nc(NCc2ccc(cc2)-c2ncccc2)c2[nH]nc(c2n1)C(C)C)(C)C,0
[NH+]1=C(n2ncc(c2[NH+]=C1NC1CCC([NH3+])CC1)C(C)C)NCc1ccc(cc1)-c1ncccc1,1
[NH+]=1c2n(ncc2C(C)C)C(NCc2ccccc2)=CC=1NCCCCCC[NH3+],0
[NH2+]1CCN(CC1)c1nc(NCc2ccc(cc2)-c2ncccc2)c2[nH]nc(c2n1)C(C)C,1
[NH3+]C1CCC(Nc2nc(NCc3ccc(cc3)-c3ncccc3)c3[nH]nc(c3n2)C(C)C)CC1,1
[NH3+]C1CCC(Nc2nc(NCc3ccccc3)c3[nH]nc(c3n2)C(C)C)CC1,0
[NH3+]C1CCCCC1Nc1nc(NCc2ccccc2)c2[nH]nc(c2n1)C(C)C,1
[NH3+]CCNc1nc(NCc2ccc(cc2)-c2ncccc2)c2[nH]nc(c2n1)C(C)C,1
[NH3+][C@@H]1CCCC[C@H]1Nc1nc(NCc2ccc(cc2)-c2ncccc2)c2[nH]nc(c2n1)C(C)C,1
[nH]1c-2cc(nc-2ncc1)-c1c2c(ccc1)cccc2,0
[nH]1c-2cc(nc-2ncc1)-c1ccc(cc1)C,0
[nH]1c-2cc(nc-2ncc1)-c1ccc(cc1)C#N,0
[nH]1c-2cc(nc-2ncc1)-c1ccccc1,0
[nH]1c-2cc(nc-2ncc1)-c1ncccc1,0
[nH]1c2c(c3c1cccc3)c(cc1c2ccnc1)C#N,1
[nH]1c2c(c3c1cccc3)c(cc1c2cncc1)C#N,0
[nH]1c2c(c3cccnc13)c(cc1c2ccnc1)C#N,1
[nH]1c2c(cc1-c1nc(ncc1)N)cccc2,0
[nH]1c2c(nc1N)c(ncc2)-c1ccccc1,0
[nH]1c2c(nc1N)c(ncc2)-c1cccnc1,0
[nH]1c2c(nc1N)c(ncc2)-c1ncccc1,0
[nH]1c2ncccc2cc1-c1n(nnc1)CCCc1c2cccnc2[nH]c1,0
[nH]1cc(c2c1cccc2)-c1nc(ncc1)N,0
[nH]1cc(c2cccnc12)-c1nc(ncc1)N,1
[nH]1cc(c2cccnc12)/C(=C/c1cccnc1)/C#N,1
[nH]1cc(nc-2nc(cc1-2)-c1ccccc1)C,0
[nH]1cccc1-c1nccc2[nH]c(nc12)N,0
[nH]1cnc(C=2NC=CC=3C=2N=C2C=3C=CC=C2)c1C,0
[nH]1nc(N)c2c1cc(N)c(C#N)c2-c1ccccc1,0
[nH]1nc(N)c2c1nc(N)c(C#N)c2-c1ccccc1,1
[nH]1nc(N)c2nc3c(nc12)cccc3,1
[nH]1nc(c2nc(nc(NCc3ccc(cc3)-c3ncccc3)c12)NCc1ccc(cc1)-c1ncccc1)C(C)C,0
[nH]1nc(c2ncnc(NCc3ccc(cc3)-c3ncccc3)c12)C(C)C,1
n1c(Nc2cncnc2)c2ncn(c2nc1Nc1cncnc1)C(C)C,1
n1c(c(cnc1N)-c1ccncc1)-c1c2c(n(c1)C)cccc2,0
n1c(nc2n(cnc2c1Nc1nccnc1)C(C)C)Cc1nccnc1,0
n1c2CCCCc2cnc1Nc1cc(ccc1)C,1
n1c2CCCCc2cnc1Nc1cc(ccc1)CC,0
n1c2CCCCc2cnc1Nc1ccc(cc1)C,0
n1c2CCCCc2cnc1Nc1ccccc1,0
n1c2CCCCc2cnc1Nc1ccccc1C,1
n1c2c(cc3c(ccnc3)c2N)cnc1N,0
n1c2cc(n(c2ncc1)C)-c1ccccc1,0
o1c2c(c3c1ncc(C(=O)C)c3-c1ccccc1)cc(O)cc2,0
o1c2c(c3c1ncc(C(=O)NCC)c3-c1ccccc1)cc(O)cc2,0
o1c2c(c3c1ncc(C(=O)NCCC)c3-c1ccccc1)cc(O)cc2,0
o1c2c(c3c1ncc(C(=O)NCC[NH3+])c3-c1ccccc1)cc(O)cc2,0
o1c2c(c3c1ncc(O)c3-c1ccccc1)cc(O)c1c2cccc1,1
o1c2c(c3c1ncc(O)c3-c1ccccc1)cc(O)cc2,1
o1c2c(c3c1ncc(OC)c3-c1ccccc1)cc(O)cc2,0
o1c2c(c3c1ncc(OCC)c3-c1ccccc1)cc(O)cc2,0
o1c2c(c3c1ncc(OCc1ccccc1)c3-c1ccccc1)c(OC)c(O)c(OC)c2,0
o1c2c(c3c1ncc(OCc1ccccc1)c3-c1ccccc1)cc(O)c1c2cccc1,0
o1c2c(c3c1ncc(OCc1ccccc1)c3-c1ccccc1)cc(OC)cc2,0
o1c2cc(C)c(O)cc2c2c1ncc(OCc1ccccc1)c2-c1ccccc1,0
o1c2cc(OC)c(O)cc2c2c1ncc(OCc1ccccc1)c2-c1ccccc1,0
o1cc(c2c1cccc2)C1=C(c2c3c(n(c2)C)c(ccc3)COC)C(=O)NC1=O,0
o1cccc1-c1nc-2ncc[nH]c-2c1,0
o1cccc1-c1nccc2[nH]c(nc12)N,0
o1nc(NC(=O)Nc2c3c(ccc2)C(=O)N2C3CCCC2)cc1-c1ccccc1,0
o1nc(NC(=O)Nc2c3c(ccc2)C(=O)N2C3CCCC2)cc1C,0
s1c(-c2n3N=C(CSc3nn2)C)c(cc1NC(=O)C)C,1
s1c(-c2n3NC(=O)CSc3nn2)c(cc1NC(=O)C)C,1
s1c(-c2n3Nc4nc5c(nc4Sc3nn2)cccc5)c(cc1NC(=O)C)C,1
s1c(-c2nnc(S)n2N)c(cc1NC(=O)C)C,1
s1c(C(=O)c2cc(F)ccc2)c(nc1NC1CCC[NH2+]C1)N,1
s1c(C(=O)c2cc(F)ccc2)c(nc1NC1CC[NH2+]CC1)N,0
s1c(C(=O)c2cc(F)ccc2)c(nc1Nc1cc(N)ccc1)N,1
s1c(C(=O)c2cc(F)ccc2)c(nc1Nc1cc(NC)ccc1)N,1
s1c(C(=O)c2cc(F)ccc2)c(nc1Nc1cc[nH+]cc1)N,1
s1c(C(=O)c2cc(F)ccc2)c(nc1Nc1ccc(N(C)C)cc1)N,1
s1c(C(=O)c2cc(F)ccc2)c(nc1Nc1cccnc1)N,1
s1c(C(=O)c2cc(F)ccc2)c(nc1Nc1ncccc1)N,1
s1c(C(=O)c2cc(OC)ccc2)c(nc1Nc1cc[nH+]cc1)N,1
s1c(C(=O)c2cc(OC)ccc2)c(nc1Nc1cccnc1)N,1
s1c(C(=O)c2cc(OC)ccc2)c(nc1Nc1ncccc1)N,1
s1c(C(=O)c2cc([N+](=O)[O-])ccc2)c(nc1Nc1cccnc1)N,1
s1c(C(=O)c2ccc(F)cc2)c(nc1Nc1cc[nH+]cc1)N,1
s1c(C(=O)c2ccc(F)cc2)c(nc1Nc1cccnc1)N,0
s1c(C(=O)c2ccc(F)cc2)c(nc1Nc1ncccc1)N,0
s1c(C(=O)c2ccc(OC)cc2)c(nc1Nc1cc[nH+]cc1)N,1
s1c(C(=O)c2ccc(OC)cc2)c(nc1Nc1cccnc1)N,0
s1c(C(=O)c2ccc(OC)cc2)c(nc1Nc1ncccc1)N,0
s1c(C(=O)c2ccccc2)c(nc1Nc1cccnc1)N,1
s1c(C(=O)c2ccccc2F)c(nc1Nc1cc[nH+]cc1)N,1
s1c(C(=O)c2ccccc2F)c(nc1Nc1ccc(nc1)C(F)(F)F)N,1
s1c(C(=O)c2ccccc2F)c(nc1Nc1cccnc1)N,1
s1c(C(=O)c2ccccc2F)c(nc1Nc1ncccc1)N,1
s1c(C(=O)c2ccccc2OC)c(nc1Nc1cc[nH+]cc1)N,1
s1c(C(=O)c2ccccc2OC)c(nc1Nc1cccnc1)N,1
s1c(C(=O)c2ccccc2OC)c(nc1Nc1ncccc1)N,1
s1c(C(=O)c2ccccc2[N+](=O)[O-])c(nc1Nc1ccc(S(=O)(=O)N)cc1)N,1
s1c(C(=O)c2cccnc2)c(nc1Nc1cccnc1)N,1
s1c(C(=O)c2ccncc2)c(nc1Nc1cccnc1)N,0
s1c(C(=O)c2ncccc2)c(nc1Nc1cccnc1)N,1
s1c(C)c(nc1NS(=O)(=O)c1scc(c1)-c1sc2c(n1)cccc2)C,0
s1c(N(C)C)cnc1NC(=O)Cc1ccccc1,0
s1c(SC)cnc1NC(=O)Cc1ccccc1,1
s1c(SCc2oc(cn2)C(C)(C)C)cnc1NC(=O)C1CC[NH2+]CC1,1
s1c([N+](=O)[O-])cnc1NC(=O)NCc1ccc(OC)cc1,0
s1c(c(cc1NC(=O)C)-c1ccccc1)-c1n2N=C(CSc2nn1)C,1
s1c(c(cc1NC(=O)C)-c1ccccc1)-c1n2NC(=O)CSc2nn1,1
s1c(c(cc1NC(=O)C)-c1ccccc1)-c1n2Nc3nc4c(nc3Sc2nn1)cccc4,1
s1c(c(cc1NC(=O)C)-c1ccccc1)-c1nnc(S)n1N,1
s1c(ccc1C#N)-c1nc(NCCOC)c2ncn(c2n1)C(C)C,0
s1c(ccc1C(=O)C)-c1nc(NCCOC)c2ncn(c2n1)C(C)C,0
s1c(ccc1C)CNc1nc(nc2n(cnc12)CCC)N[C@H](CC)CO,0
s1c(cnc1NC(=O)C(=O)c1ccccc1)C(C)C,0
s1c(cnc1NC(=O)C(C)C)C(C)C,1
s1c(cnc1NC(=O)Cc1c2c([nH]c1)cccc2)C1CCC1,1
s1c(cnc1NC(=O)Cc1c2c(ccc1)cncc2)C1CCC1,1
s1c(cnc1NC(=O)Cc1cc2c(nccc2)cc1)C1CCC1,1
s1c(cnc1NC(=O)Cc1cc2nc[nH]c2cc1)C1CCC1,1
s1c(cnc1NC(=O)Cc1cc2sc(nc2cc1)C)C1CCC1,1
s1c(cnc1NC(=O)Cc1ccccc1)-c1ccccc1,0
s1c(cnc1NC(=O)Cc1ccccc1)C(=O)C,0
s1c(cnc1NC(=O)Cc1ccccc1)C(C)C,1
s1c(cnc1NC(=O)Cc1ccccc1)C1CCC1,1
s1c(cnc1NC(=O)Cc1ccccc1)C1CCCC1,1
s1c(cnc1NC(=O)Cc1ccccc1)C1CCCCC1,1
s1c(cnc1NC(=O)Cc1ccccc1)C=1CCCC=1,0
s1c(cnc1NC(=O)Cc1ccccc1)CC,1
s1c(cnc1NC(=O)Cc1ccccc1)CCCCC,0
s1c(cnc1NC(=O)Cn1c2c(cccc2)cc1)C1CCC1,1
s1c(cnc1NC(=O)Cn1c2cc(C)c(cc2nc1)C)C1CCC1,1
s1c(cnc1NC(=O)Nc1c2c(ccc1)ccnc2)C1CCC1,1
s1c(cnc1NC(=O)Nc1c2c(ccc1)cncc2)C1CCC1,1
s1c(cnc1NC(=O)Nc1c2c(nccc2)ccc1)C1CCC1,1
s1c(cnc1NC(=O)Nc1c2n[nH]cc2ccc1)C1CCC1,1
s1c(cnc1NC(=O)Nc1c2nn[nH]c2ccc1)C1CCC1,1
s1c(cnc1NC(=O)Nc1cc2c(cc1)cncc2)C1CCC1,1
s1c(cnc1NC(=O)Nc1cc2c(nccc2)cc1)C1CCC1,1
s1c(cnc1NC(=O)Nc1ccccc1)C(C)C,1
s1c(cnc1NC(=O)Nc1ccccc1)C1CCC1,1
s1c(cnc1NC(=O)c1ccccc1)C(C)C,0
s1c(cnc1NC(Oc1ccccc1)=O)C(C)C,0
s1c(cnc1Nc1ncc(nc1)C[NH+]1CC[NH+](CC1)C)-c1nc(OC2CCCCC2)nc(c1)C,0
s1c(cnc1Nc1ncccc1)-c1nc(OC2CCCCC2)ncc1,1
s1c2-c3[nH]c4c(cc([N+](=O)[O-])cc4)c3CC(=O)Nc2cc1,1
s1c2-c3[nH]c4c(cc(cc4)C#N)c3CC(=O)Nc2cc1,1
s1c2-c3[nH]c4c(cc(cc4)C)c3CC(=O)Nc2cc1,0
s1c2c(CCCC2)c(CC(=O)NNC(=S)[S-])c1NC(=O)C,1
s1c2c(CCCC2)c(CC(=O)NNC(=S)[S-])c1NC(=O)c1ccccc1,1
s1c2c(CCCC2)c(CC(=O)NNC(=S)[S-])c1NCCC(=O)[O-],1
s1c2c(CCCC2)c(Cc2nnc(S)n2N)c1NC(=O)C,1
s1c2c(CCCC2)c(Cc2nnc(S)n2N)c1NC(=O)c1ccccc1,1
s1c2c(CCCC2)c(Cc2nnc(S)n2N)c1NCCC(=O)[O-],1
s1c2c(CCCC2)c(Cc2nnc(S)n2NC(=O)C)c1NC(=O)C,1
s1c2c(CCCC2)c(Cc2nnc(S)n2NC(=O)C)c1NC(=O)c1ccccc1,1
s1c2c(CCCC2)c(Cc2nnc(S)n2NC(=O)C)c1NCCC(=O)[O-],1
s1c2c(CCCC2)c(Cc2nnc(S)n2NC(=O)c2ccccc2)c1NC(=O)C,1
s1c2c(CCCC2)c(Cc2nnc(S)n2NC(=O)c2ccccc2)c1NC(=O)c1ccccc1,1
s1c2c(CCCC2)c(Cc2nnc(S)n2NC(=O)c2ccccc2)c1NCCC(=O)[O-],1
s1c2c(CCCC2)c(Cc2nnc(SCC#N)n2NC(=O)C)c1NC(=O)C,1
s1c2c(CCCC2)c(Cc2nnc(SCC#N)n2NC(=O)C)c1NC(=O)c1ccccc1,1
s1c2c(CCCC2)c(Cc2nnc(SCC#N)n2NC(=O)C)c1NCCC(=O)[O-],1
s1c2c(CCCC2)c(Cc2nnc(SCC#N)n2NC(=O)c2ccccc2)c1NC(=O)C,1
s1c2c(CCCC2)c(Cc2nnc(SCC#N)n2NC(=O)c2ccccc2)c1NC(=O)c1ccccc1,1
s1c2c(CCCC2)c(Cc2nnc(SCC#N)n2NC(=O)c2ccccc2)c1NCCC(=O)[O-],0
s1c2c(CCCC2)c(Cc2nnc(SCC(=O)NN)n2NC(=O)C)c1NC(=O)C,1
s1c2c(CCCC2)c(Cc2nnc(SCC(=O)NN)n2NC(=O)C)c1NC(=O)c1ccccc1,1
s1c2c(CCCC2)c(Cc2nnc(SCC(=O)NN)n2NC(=O)C)c1NCCC(=O)[O-],1
s1c2c(CCCC2)c(Cc2nnc(SCC(=O)NN)n2NC(=O)c2ccccc2)c1NC(=O)C,1
s1c2c(CCCC2)c(Cc2nnc(SCC(=O)NN)n2NC(=O)c2ccccc2)c1NC(=O)c1ccccc1,1
s1c2c(CCCC2)c(Cc2nnc(SCC(=O)NN)n2NC(=O)c2ccccc2)c1NCCC(=O)[O-],1
s1c2c(CCCC2)c(Cc2nnc(SCC(=O)NNC(=O)C)n2NC(=O)C)c1NC(=O)C,1
s1c2c(CCCC2)c(Cc2nnc(SCC(=O)NNC(=O)C)n2NC(=O)C)c1NC(=O)c1ccccc1,1
s1c2c(CCCC2)c(Cc2nnc(SCC(=O)NNC(=O)C)n2NC(=O)C)c1NCCC(=O)[O-],1
s1c2c(CCCC2)c(Cc2nnc(SCC(=O)NNC(=O)C)n2NC(=O)c2ccccc2)c1NC(=O)C,1
s1c2c(CCCC2)c(Cc2nnc(SCC(=O)NNC(=O)C)n2NC(=O)c2ccccc2)c1NC(=O)c1ccccc1,1
s1c2c(CCCC2)c(Cc2nnc(SCC(=O)NNC(=O)C)n2NC(=O)c2ccccc2)c1NCCC(=O)[O-],1
s1c2c(CCCC2)c(Cc2nnc(SCC(=O)NNC(=O)c3ccccc3)n2NC(=O)C)c1NC(=O)C,1
s1c2c(CCCC2)c(Cc2nnc(SCC(=O)NNC(=O)c3ccccc3)n2NC(=O)C)c1NC(=O)c1ccccc1,1
s1c2c(CCCC2)c(Cc2nnc(SCC(=O)NNC(=O)c3ccccc3)n2NC(=O)C)c1NCCC(=O)[O-],1
s1c2c(CCCC2)c(Cc2nnc(SCC(=O)NNC(=O)c3ccccc3)n2NC(=O)c2ccccc2)c1NC(=O)C,1
s1c2c(CCCC2)c(Cc2nnc(SCC(=O)NNC(=O)c3ccccc3)n2NC(=O)c2ccccc2)c1NC(=O)c1ccccc1,1
s1c2c(CCCC2)c(Cc2nnc(SCC(=O)NNC(=O)c3ccccc3)n2NC(=O)c2ccccc2)c1NCCC(=O)[O-],1
s1c2c(CCCC2)c(Cc2nnc(SCC(=O)N\N=C\c3ccccc3)n2NC(=O)C)c1NC(=O)C,1
s1c2c(CCCC2)c(Cc2nnc(SCC(=O)N\N=C\c3ccccc3)n2NC(=O)C)c1NC(=O)c1ccccc1,1
s1c2c(CCCC2)c(Cc2nnc(SCC(=O)N\N=C\c3ccccc3)n2NC(=O)C)c1NCCC(=O)[O-],1
s1c2c(CCCC2)c(Cc2nnc(SCC(=O)N\N=C\c3ccccc3)n2NC(=O)c2ccccc2)c1NC(=O)C,1
s1c2c(CCCC2)c(Cc2nnc(SCC(=O)N\N=C\c3ccccc3)n2NC(=O)c2ccccc2)c1NC(=O)c1ccccc1,1
s1c2c(CCCC2)c(Cc2nnc(SCC(=O)N\N=C\c3ccccc3)n2NC(=O)c2ccccc2)c1NCCC(=O)[O-],1
s1c2c(CCCC2)c(Cc2nnc(SCC(OC)=O)n2NC(=O)C)c1NC(=O)C,1
s1c2c(CCCC2)c(Cc2nnc(SCC(OC)=O)n2NC(=O)C)c1NC(=O)c1ccccc1,1
s1c2c(CCCC2)c(Cc2nnc(SCC(OC)=O)n2NC(=O)C)c1NCCC(=O)[O-],1
s1c2c(CCCC2)c(Cc2nnc(SCC(OC)=O)n2NC(=O)c2ccccc2)c1NC(=O)C,1
s1c2c(CCCC2)c(Cc2nnc(SCC(OC)=O)n2NC(=O)c2ccccc2)c1NC(=O)c1ccccc1,1
s1c2c(CCCC2)c(Cc2nnc(SCC(OC)=O)n2NC(=O)c2ccccc2)c1NCCC(=O)[O-],1
s1c2c(CCCC2)c(Cc2nnc(SCSc3nnc(n3NC(=O)C)Cc3c4CCCCc4sc3NC(=O)C)n2NC(=O)C)c1NC(=O)C,1
s1c2c(CCCC2)c(Cc2nnc(SCSc3nnc(n3NC(=O)C)Cc3c4CCCCc4sc3NC(=O)c3ccccc3)n2NC(=O)C)c1NC(=O)c1ccccc1,1
s1c2c(CCCC2)c(Cc2nnc(SCSc3nnc(n3NC(=O)C)Cc3c4CCCCc4sc3NCCC(=O)[O-])n2NC(=O)C)c1NCCC(=O)[O-],1
s1c2c(CCCC2)c(Cc2nnc(SCSc3nnc(n3NC(=O)c3ccccc3)Cc3c4CCCCc4sc3NC(=O)C)n2NC(=O)c2ccccc2)c1NC(=O)C,1
s1c2c(CCCC2)c(Cc2nnc(SCSc3nnc(n3NC(=O)c3ccccc3)Cc3c4CCCCc4sc3NC(=O)c3ccccc3)n2NC(=O)c2ccccc2)c1NC(=O)c1ccccc1,1
s1c2c(CCCC2)c(Cc2nnc(SCSc3nnc(n3NC(=O)c3ccccc3)Cc3c4CCCCc4sc3NCCC(=O)[O-])n2NC(=O)c2ccccc2)c1NCCC(=O)[O-],1
s1c2c(CCCC2)c(Cc2nnc(SCc3nnc(S)n3N)n2NC(=O)C)c1NC(=O)C,0
s1c2c(CCCC2)c(Cc2nnc(SCc3nnc(S)n3N)n2NC(=O)C)c1NC(=O)c1ccccc1,0
s1c2c(CCCC2)c(Cc2nnc(SCc3nnc(S)n3N)n2NC(=O)C)c1NCCC(=O)[O-],0
s1c2c(CCCC2)c(Cc2nnc(SCc3nnc(S)n3N)n2NC(=O)c2ccccc2)c1NC(=O)C,0
s1c2c(CCCC2)c(Cc2nnc(SCc3nnc(S)n3N)n2NC(=O)c2ccccc2)c1NC(=O)c1ccccc1,0
s1c2c(CCCC2)c(Cc2nnc(SCc3nnc(S)n3N)n2NC(=O)c2ccccc2)c1NCCC(=O)[O-],0
s1c2c(cc1-c1cc(cc3c1[nH]nc3)-c1c3nc(ncc3n(c1)CC[NH3+])N)cccc2,1
s1c2c(nc1-c1cc(sc1)S(=O)(=O)N)cccc2,1
s1c2c(nc1-c1cc(sc1)S(=O)(=O)N)cccc2-c1ccc(F)cc1,0
s1c2c(nc1-c1cc(sc1)S(=O)(=O)N1CCC[C@@H]1CO)cccc2,0
s1c2c(nc1-c1cc(sc1)S(=O)(=O)NCc1ncccc1)cccc2,0
s1c2c(nc1-c1cc(sc1)S(=O)(=O)NO)cccc2,0
s1c2c(nc1-c1cc(sc1)S(=O)(=O)Nc1ccc(nc1)N1CCOCC1)cccc2,0
s1c2c(nc1-c1cc(sc1)S(=O)(=O)Nc1nccc(c1)C)cccc2,0
s1c2c(nc1-c1cc(sc1)S(=O)(=O)Nc1ncccc1O)cccc2,0
s1c2c(nc1-c1cc(sc1)S(=O)(=O)Nc1scc(n1)CC(OCC)=O)cccc2,0
s1c2c(nc1-c1cc(sc1)S(=O)(=O)Nc1sccn1)cccc2,0
s1c2c(nc1NC(=O)Nc1c3c(ccc1)C(=O)N1C3CCCC1)cccc2,0
s1c2c(ncnc2N)c2c1cccc2,0
s1c2c3CN(C=Nc3ccc2nc1C#N)CC,0
s1c2c3c(N=CN(C(C)C)C3=O)ccc2nc1C(=[NH2+])NCC[NH+](C)C,0
s1c2c3c(N=CN(C(C)C)C3=O)ccc2nc1C(OCC)=N,0
s1c2c3c(N=CN(CC)C3=O)ccc2nc1C(OCCc1ccccc1)=N,0
s1c2c\3c(NC(=O)/C/3=C\Nc3ccc(S(=O)(=O)Nc4ncccc4)cc3)ccc2nc1,1
s1c2cc(F)ccc2nc1-c1cc(sc1)S(=O)(=O)N,1
s1c2cc([N+](=O)[O-])ccc2nc1-c1cc(sc1)S(=O)(=O)N,0
s1c2cc(ccc2nc1-c1cc(sc1)S(=O)(=O)N)C,0
s1c2cc(ccc2nc1-c1cc(sc1)S(=O)(=O)N)C(=O)C,0
s1c2cc(ccc2nc1NC(=O)NCc1ccc(OC)cc1)-c1nnn[n-]1,0
s1cc(cc1)-c1n2[NH+]=C(N[C@@H](CC)CO)C=Cc2nc1,1
s1cc(cc1)-c1nc-2ncc[nH]c-2c1,1
s1cc(cc1)-c1nccc2[nH]c(nc12)N,0
s1cc(cc1C(=O)NCC(F)(F)F)-c1c2n(nc1)C=C(C=N2)c1ccc(OCC[NH+]2CCCCC2)cc1,1
s1cc(cc1C(=O)N[C@@H]1CCCC[C@@H]1[NH3+])-c1c2n(nc1)C=C(C=N2)c1cn(nc1)C,1
s1cc(nc1)NC(=O)Nc1c2c(ccc1)C(=O)N1C2CCCC1,1
s1cc(nc1-c1cc(OC)ncc1)C1=CC(C(OCC)=O)=C(NC1=O)C(C)C,1
s1cc(nc1-c1cc(ccc1)C)NC(=O)[N-]N1CCOCC1,0
s1cc(nc1-c1cc(ccc1)C)NC(=O)[N-]Oc1ccccc1,0
s1cc(nc1-c1cc(ncc1)CC)N1Cc2c(NC1=O)cccc2,1
s1cc(nc1-c1cc(ncc1)N)C1=CC(C(OCC)=O)=C(NC1=O)C,1
s1cc(nc1-c1cc(ncc1)NC)C1=CC(C(OCC)=O)=C(NC1=O)C(C)C,1
s1cc(nc1-c1cc(ncc1)NCC(C)C)C1=CC(C(OCC)=O)=C(NC1=O)C,1
s1cc(nc1-c1cc(ncc1)NCC[NH+](CC)CC)C1=CC(C(OCC)=O)=C(NC1=O)C,1
s1cc(nc1-c1ccc(N)cc1)C1=Cc2c(NC1=O)cccc2,1
s1cc(nc1-c1ccc(O)cc1)C1=Cc2c(NC1=O)cccc2,1
s1cc(nc1-c1ccccc1)C1=Cc2c(NC1=O)cccc2,0
s1cc(nc1-c1ccccc1)NC(=O)[N-]N1CCOCC1,0
s1cc(nc1-c1ccccc1)NC(=O)[N-]Oc1ccccc1,0
s1cc(nc1-c1cccnc1)C1=Cc2c(NC1=O)cccc2,1
s1cc(nc1-c1ccncc1)C1=C(c2c(NC1=O)cccc2)c1ccccc1,1
s1cc(nc1-c1ccncc1)C1=CC(C(OC(C[NH+](CC)CC)C)=O)=C(NC1=O)C(C)C,1
s1cc(nc1-c1ccncc1)C1=CC(C(OC2CCC[NH+](C2)C)=O)=C(NC1=O)C(C)C,1
s1cc(nc1-c1ccncc1)C1=CC(C(OC2CC[NH+](CC2)C)=O)=C(NC1=O)C(C)C,1
s1cc(nc1-c1ccncc1)C1=CC(C(OCC)=O)=C(NC1=O)C,1
s1cc(nc1-c1ccncc1)C1=CC(C(OCC)=O)=C(NC1=O)C(C)C,1
s1cc(nc1-c1ccncc1)C1=CC(C(OCC)=O)=C(NC1=O)C(F)(F)F,0
s1cc(nc1-c1ccncc1)C1=CC(C(OCC)=O)=C(NC1=O)C1CC1,1
s1cc(nc1-c1ccncc1)C1=CC(C(OCC)=O)=C(NC1=O)CC,1
s1cc(nc1-c1ccncc1)C1=CC(C(OCC)=O)=C(NC1=O)CCC,1
s1cc(nc1-c1ccncc1)C1=CC(C(OCC)=O)=C(NC1=O)COCc1ccccc1,1
s1cc(nc1-c1ccncc1)C1=CC(C(OCCC[NH+](CC)CC)=O)=C(NC1=O)C(C)C,1
s1cc(nc1-c1ccncc1)C1=CC(C(OCC[NH+](CC)CC)=O)=C(NC1=O)C(C)C,1
s1cc(nc1-c1ccncc1)C1=CC(C(OCC[NH+]2CCCC2)=O)=C(NC1=O)C(C)C,1
s1cc(nc1-c1ccncc1)C1=CC(C(OCCc2ccccc2)=O)=C(NC1=O)C(C)C,1
s1cc(nc1-c1ccncc1)C1=Cc2c(NC1=O)cc(cc2)C(=O)N(CC[NH+](C)C)CC,1
s1cc(nc1-c1ccncc1)C1=Cc2c(NC1=O)cc(cc2)C(=O)N1CCCCC1,1
s1cc(nc1-c1ccncc1)C1=Cc2c(NC1=O)cc(cc2)C(=O)N1CC[NH+](CC1)C,1
s1cc(nc1-c1ccncc1)C1=Cc2c(NC1=O)cc(cc2)C(F)(F)F,1
s1cc(nc1-c1ccncc1)C1=Cc2c(NC1=O)cccc2,1
s1cc(nc1-c1ccncc1)C1=Cc2c(NC1=O)cccc2C(=O)N(CC)CC,1
s1cc(nc1-c1ccncc1)C1=Cc2c(NC1=O)cccc2C(OC)=O,1
s1cc(nc1-c1ccncc1)C1=Cc2cc(F)ccc2NC1=O,1
s1cc(nc1-c1ccncc1)C=1C(=O)Nc2c(cc(N3CCCCC3)cc2)C=1N,1
s1cc(nc1-c1ccncc1)C=1C(=O)Nc2c(cc(N3CC[NH+](CC3)C)cc2)C=1N,1
s1cc(nc1-c1ccncc1)C=1C(=O)Nc2c(cccc2)C=1C,0
s1cc(nc1-c1ccncc1)C=1C(=O)Nc2c(cccc2)C=1N,1
s1cc(nc1-c1ccncc1)C=1C(=O)Nc2c(cccc2)C=1[O-],1
s1cc(nc1-c1ccncc1)N1Cc2c(NC1=O)cc(F)cc2,1
s1cc(nc1-c1ccncc1)N1Cc2c(NC1=O)cc(cc2)-c1ccccc1,1
s1cc(nc1-c1ccncc1)N1Cc2c(NC1=O)cc(cc2)C[NH+]1CCOCC1,1
s1cc(nc1-c1ccncc1)N1Cc2c(NC1=O)cccc2,1
s1cc(nc1-c1ccncc1)N1Cc2c(NC1=O)cccc2C,0
s1cc(nc1-c1ccncc1)N1Cc2c(NC1=O)cccc2C[NH+]1CCOCC1,1
s1cc(nc1-c1ccncc1)N1Cc2c(NC1=O)cccc2F,1
s1cc(nc1-c1ccncc1)N1Cc2c(NC1=O)cccc2N1CC[NH+](CC1)C,1
s1cc(nc1-c1ccncc1)N1Cc2c(NC1=O)cccc2OC,1
s1cc(nc1-c1ccncc1)N1Cc2cc(F)ccc2NC1=O,1
s1cc(nc1-c1ccncc1)N1Cc2cc(N3CC[NH+](CC3)C)ccc2NC1=O,0
s1cc(nc1-c1ccncc1)N1Cc2cc(ccc2NC1=O)C,1
s1cc(nc1-c1ccncc1)N1c2c(NC1=O)cccc2,0
s1cc(nc1-c1ccncc1)NC(=O)Nc1c2c(ccc1)C(=O)N1C2CCCC1,0
s1cc(nc1-c1ccncc1)NC(=O)Nc1ccccc1,0
s1cc(nc1-c1ccncc1)NC(=O)Nc1nc(N2CC[NH+](CC2)C)ccc1,1
s1cc(nc1-c1ccncc1)NC(=O)Nc1ncccc1,1
s1cc(nc1-c1ccsc1)C1=Cc2c(NC1=O)cccc2,1
s1cc(nc1C)NC(=O)Nc1c2c(ccc1)C(=O)N1C2CCCC1,1
s1cc(nc1COc1ccc(OC)cc1)NC(=O)[N-]N1CCOCC1,0
s1cc(nc1COc1ccccc1)NC(=O)[N-]N1CCOCC1,0
s1cc(nc1CS(=O)(=O)C(C)(C)C)C1=Cc2c(NC1=O)cccc2,0
s1cc(nc1CS(=O)(=O)C)C1=Cc2c(NC1=O)cccc2,1
s1cc(nc1CS(=O)(=O)C)NC(=O)[N-]Oc1ccccc1,0
s1cc(nc1CS(=O)(=O)c1ccccc1)C1=CC(C(OCC)=O)=C(NC1=O)C,1
s1cc(nc1CS(=O)(=O)c1ccccc1)C1=CC(C(OCC)=O)=C(NC1=O)CCC,1
s1cc(nc1CS(=O)(=O)c1ccccc1)C1=CC(C(OCC)=O)=C(NC1=O)COCc1ccccc1,1
s1cc(nc1CS(=O)(=O)c1ccccc1)C1=Cc2c(NC1=O)cccc2,1
s1cc(nc1CS(=O)(=O)c1ncccc1)C1=Cc2c(NC1=O)cccc2,1
s1cc(nc1CS(=O)(=O)c1ncccc1)NC(=O)[N-]N1CCOCC1,0
s1cc(nc1CS(=O)(=O)c1sccc1)C1=Cc2c(NC1=O)cccc2,1
s1cc(nc1CS(=O)c1ccccc1)C1=Cc2c(NC1=O)cccc2,1
s1cc(nc1CSc1ccccc1)NC(=O)[N-]N1CCOCC1,0
s1cc(nc1Cc1ccccc1)NC(=O)[N-]N1CCOCC1,0
s1cc(nc1Cc1ccccc1)NC(=O)[N-]Oc1ccccc1,0
s1cc(nc1N1Cc2c(NC1=O)cccc2)-c1cccnc1,1
s1cc(nc1N1Cc2c(NC1=O)cccc2)-c1ccncc1,1
s1cc(nc1N1Cc2c(NC1=O)cccc2)-c1ncccc1,0
s1cc(nc1NC(=O)C)Cc1nnc(S)n1N,1
s1cc(nc1NC(=O)C)Cc1nnc(S)n1NC(=O)C,1
s1cc(nc1NC(=O)C)Cc1nnc(S)n1NC(=O)c1ccccc1,1
s1cc(nc1NC(=O)C)Cc1nnc(SCC#N)n1NC(=O)C,1
s1cc(nc1NC(=O)C)Cc1nnc(SCC#N)n1NC(=O)c1ccccc1,1
s1cc(nc1NC(=O)C)Cc1nnc(SCC(=O)NN)n1NC(=O)C,1
s1cc(nc1NC(=O)C)Cc1nnc(SCC(=O)NN)n1NC(=O)c1ccccc1,1
s1cc(nc1NC(=O)C)Cc1nnc(SCC(=O)NNC(=O)C)n1NC(=O)C,1
s1cc(nc1NC(=O)C)Cc1nnc(SCC(=O)NNC(=O)C)n1NC(=O)c1ccccc1,1
s1cc(nc1NC(=O)C)Cc1nnc(SCC(=O)NNC(=O)c2ccccc2)n1NC(=O)C,1
s1cc(nc1NC(=O)C)Cc1nnc(SCC(=O)NNC(=O)c2ccccc2)n1NC(=O)c1ccccc1,1
s1cc(nc1NC(=O)C)Cc1nnc(SCC(=O)N\N=C\c2ccccc2)n1NC(=O)C,1
s1cc(nc1NC(=O)C)Cc1nnc(SCC(=O)N\N=C\c2ccccc2)n1NC(=O)c1ccccc1,1
s1cc(nc1NC(=O)C)Cc1nnc(SCC(OC)=O)n1NC(=O)C,1
s1cc(nc1NC(=O)C)Cc1nnc(SCC(OC)=O)n1NC(=O)c1ccccc1,1
s1cc(nc1NC(=O)C)Cc1nnc(SCSc2nnc(n2NC(=O)C)Cc2nc(sc2)NC(=O)C)n1NC(=O)C,1
s1cc(nc1NC(=O)C)Cc1nnc(SCSc2nnc(n2NC(=O)c2ccccc2)Cc2nc(sc2)NC(=O)C)n1NC(=O)c1ccccc1,1
s1cc(nc1NC(=O)C)Cc1nnc(SCc2nnc(S)n2N)n1NC(=O)C,0
s1cc(nc1NC(=O)C)Cc1nnc(SCc2nnc(S)n2N)n1NC(=O)c1ccccc1,0
s1cc(nc1NC(=O)CCC(=O)[O-])Cc1nnc(SCSc2nnc(n2NC(=O)c2ccccc2)Cc2nc(sc2)NCCC(=O)[O-])n1NC(=O)c1ccccc1,1
s1cc(nc1NC(=O)Cc1cc(NS(=O)(=O)C)ccc1)-c1c2cccnc2[nH]c1,0
s1cc(nc1NC(=O)c1ccccc1)Cc1nnc(S)n1N,1
s1cc(nc1NC(=O)c1ccccc1)Cc1nnc(S)n1NC(=O)C,1
s1cc(nc1NC(=O)c1ccccc1)Cc1nnc(S)n1NC(=O)c1ccccc1,1
s1cc(nc1NC(=O)c1ccccc1)Cc1nnc(SCC#N)n1NC(=O)C,1
s1cc(nc1NC(=O)c1ccccc1)Cc1nnc(SCC#N)n1NC(=O)c1ccccc1,1
s1cc(nc1NC(=O)c1ccccc1)Cc1nnc(SCC(=O)NN)n1NC(=O)C,1
s1cc(nc1NC(=O)c1ccccc1)Cc1nnc(SCC(=O)NN)n1NC(=O)c1ccccc1,1
s1cc(nc1NC(=O)c1ccccc1)Cc1nnc(SCC(=O)NNC(=O)C)n1NC(=O)C,1
s1cc(nc1NC(=O)c1ccccc1)Cc1nnc(SCC(=O)NNC(=O)C)n1NC(=O)c1ccccc1,1
s1cc(nc1NC(=O)c1ccccc1)Cc1nnc(SCC(=O)NNC(=O)c2ccccc2)n1NC(=O)C,1
s1cc(nc1NC(=O)c1ccccc1)Cc1nnc(SCC(=O)NNC(=O)c2ccccc2)n1NC(=O)c1ccccc1,1
s1cc(nc1NC(=O)c1ccccc1)Cc1nnc(SCC(=O)N\N=C\c2ccccc2)n1NC(=O)C,1
s1cc(nc1NC(=O)c1ccccc1)Cc1nnc(SCC(=O)N\N=C\c2ccccc2)n1NC(=O)c1ccccc1,1
s1cc(nc1NC(=O)c1ccccc1)Cc1nnc(SCC(OC)=O)n1NC(=O)C,1
s1cc(nc1NC(=O)c1ccccc1)Cc1nnc(SCC(OC)=O)n1NC(=O)c1ccccc1,1
s1cc(nc1NC(=O)c1ccccc1)Cc1nnc(SCSc2nnc(n2NC(=O)C)Cc2nc(sc2)NC(=O)c2ccccc2)n1NC(=O)C,1
s1cc(nc1NC(=O)c1ccccc1)Cc1nnc(SCSc2nnc(n2NC(=O)c2ccccc2)Cc2nc(sc2)NC(=O)c2ccccc2)n1NC(=O)c1ccccc1,1
s1cc(nc1NC(=O)c1ccccc1)Cc1nnc(SCc2nnc(S)n2N)n1NC(=O)C,0
s1cc(nc1NC(=O)c1ccccc1)Cc1nnc(SCc2nnc(S)n2N)n1NC(=O)c1ccccc1,0
s1cc(nc1NCCC(=O)[O-])Cc1nnc(S)n1N,1
s1cc(nc1NCCC(=O)[O-])Cc1nnc(S)n1NC(=O)C,1
s1cc(nc1NCCC(=O)[O-])Cc1nnc(S)n1NC(=O)c1ccccc1,1
s1cc(nc1NCCC(=O)[O-])Cc1nnc(SCC#N)n1NC(=O)C,1
s1cc(nc1NCCC(=O)[O-])Cc1nnc(SCC#N)n1NC(=O)c1ccccc1,1
s1cc(nc1NCCC(=O)[O-])Cc1nnc(SCC(=O)NN)n1NC(=O)C,1
s1cc(nc1NCCC(=O)[O-])Cc1nnc(SCC(=O)NN)n1NC(=O)c1ccccc1,1
s1cc(nc1NCCC(=O)[O-])Cc1nnc(SCC(=O)NNC(=O)C)n1NC(=O)C,1
s1cc(nc1NCCC(=O)[O-])Cc1nnc(SCC(=O)NNC(=O)C)n1NC(=O)c1ccccc1,1
s1cc(nc1NCCC(=O)[O-])Cc1nnc(SCC(=O)NNC(=O)c2ccccc2)n1NC(=O)C,1
s1cc(nc1NCCC(=O)[O-])Cc1nnc(SCC(=O)NNC(=O)c2ccccc2)n1NC(=O)c1ccccc1,1
s1cc(nc1NCCC(=O)[O-])Cc1nnc(SCC(=O)N\N=C\c2ccccc2)n1NC(=O)C,1
s1cc(nc1NCCC(=O)[O-])Cc1nnc(SCC(=O)N\N=C\c2ccccc2)n1NC(=O)c1ccccc1,1
s1cc(nc1NCCC(=O)[O-])Cc1nnc(SCC(OC)=O)n1NC(=O)C,1
s1cc(nc1NCCC(=O)[O-])Cc1nnc(SCC(OC)=O)n1NC(=O)c1ccccc1,1
s1cc(nc1NCCC(=O)[O-])Cc1nnc(SCSc2nnc(n2NC(=O)C)Cc2nc(sc2)NCCC(=O)[O-])n1NC(=O)C,1
s1cc(nc1NCCC(=O)[O-])Cc1nnc(SCc2nnc(S)n2N)n1NC(=O)C,0
s1cc(nc1NCCC(=O)[O-])Cc1nnc(SCc2nnc(S)n2N)n1NC(=O)c1ccccc1,0
s1cccc1-c1cc(cc-2c1CC(S)=Nc1c-2cccc1)-c1ncccc1,0
s1cccc1-c1nc-2ncc[nH]c-2c1,0
s1cccc1-c1nccc2[nH]c(nc12)N,0
s1cccc1-c1scc(n1)NC(=O)[N-]N1CCOCC1,0
s1nc(nc1N1Cc2c(NC1=O)cccc2)-c1ccncc1,1
